GTEX-144GO-0011-R5a-SM-5PNUR	1
GTEX-14A5I-2826-SM-5SIBF	1
GTEX-11WQK-0011-R8a-SM-5BC7C	1
GTEX-13NYS-0011-R11b-SM-5MR4P	1
GTEX-13OVL-0011-R7a-SM-5P9GW	1
GTEX-145MH-0011-R6a-SM-5PNZ7	1
GTEX-13SLW-0011-R11a-SM-5SI8Q	1
GTEX-11H98-0011-R8a-SM-5NQ8V	1
GTEX-ZAJG-3026-SM-5HL92	1
GTEX-QMR6-0011-R8A-SM-32PKJ	1
GTEX-ZDXO-0011-R5a-SM-4WKG5	1
GTEX-NPJ8-0011-R11A-SM-2YUMS	1
GTEX-12ZZY-3026-SM-5GCOU	1
GTEX-13O3O-0011-R3b-SM-5KM3R	1
GTEX-12WSE-0011-R10b-SM-5P9JV	1
GTEX-T5JC-2426-SM-3NMDB	1
GTEX-XOTO-2926-SM-4B65G	1
GTEX-13S7M-0011-R1b-SM-5PNZE	1
GTEX-T6MN-2626-SM-32PMQ	1
GTEX-12126-0011-R10b-SM-5BC6T	1
GTEX-14BIM-0011-R5b-SM-5S2RM	1
GTEX-WWYW-3026-SM-3NB36	1
GTEX-X585-0011-R2B-SM-46MVF	1
GTEX-13X6K-0011-R4b-SM-5P9HO	1
GTEX-XOTO-0011-R6B-SM-4B65X	1
GTEX-131YS-0011-R9b-SM-5EQLY	1
GTEX-13OVL-0011-R3b-SM-5L3I8	1
GTEX-1128S-2826-SM-5N9DI	1
GTEX-12WSM-0011-R1a-SM-5LZW6	1
GTEX-1399T-0011-R6b-SM-5K7YL	1
GTEX-145LU-0011-R11b-SM-5P9JX	1
GTEX-P44G-0011-R2A-SM-2XCD2	1
GTEX-13CF2-0011-R5a-SM-5LZWS	1
GTEX-R55F-0011-R6A-SM-2TF4L	1
GTEX-12WSM-0011-R10a-SM-5DUWV	1
GTEX-11ZTS-0011-R1a-SM-5BC71	1
GTEX-13O3O-0011-R11b-SM-5KM4G	1
GTEX-12WSE-0011-R1b-SM-5GU4V	1
GTEX-13RTL-0011-R3a-SM-5P9JP	1
GTEX-1313W-0011-R10b-SM-5DUXA	1
GTEX-13IVO-0011-R5a-SM-5L3CY	1
GTEX-WVLH-0011-R4A-SM-3MJFS	1
GTEX-13O3Q-0011-R2b-SM-5KM3K	1
GTEX-14BIN-0011-R9a-SM-5SI76	1
GTEX-T6MN-0011-R11A-SM-5S2TH	1
GTEX-WZTO-0011-R8A-SM-4E3II	1
GTEX-1399T-0011-R4b-SM-5DUVX	1
GTEX-UTHO-0011-R6A-SM-3GIJW	1
GTEX-11OF3-0011-R7a-SM-57WCG	1
GTEX-147GR-0011-R7a-SM-5S2RP	1
GTEX-12WS9-0011-R4b-SM-5P9EU	1
GTEX-139TT-0011-R3b-SM-5K7VL	1
GTEX-T6MN-0011-R11A-SM-32QOX	1
GTEX-12WSD-0011-R9a-SM-5GU6W	1
GTEX-13X6I-0011-R9b-SM-5PNZJ	1
GTEX-WZTO-2826-SM-3NM8P	1
GTEX-13SLW-0011-R5b-SM-5SI6Z	1
GTEX-ZF28-0011-R1a-SM-4WWD1	1
GTEX-12ZZZ-0011-R3b-SM-5DUXK	1
GTEX-ZYY3-3126-SM-5SI9L	1
GTEX-13N1W-0011-R5b-SM-5MR5Q	1
GTEX-14ASI-0011-R8b-SM-5S2UB	1
GTEX-147GR-0011-R4a-SM-5S2V2	1
GTEX-13OW5-0011-R5b-SM-5L3FR	1
GTEX-12ZZZ-3026-SM-5BC67	1
GTEX-RU72-3026-SM-5SI7Y	1
GTEX-13G51-0011-R11b-SM-5J2NE	1
GTEX-13X6K-0011-R7b-SM-5P9K7	1
GTEX-13X6J-3026-SM-5Q5CU	1
GTEX-T5JC-0011-R4A-SM-32PLT	1
GTEX-NPJ8-1526-SM-26GMH	1
GTEX-13FHP-0011-R5b-SM-5LZY2	1
GTEX-T6MN-2526-SM-32PMN	1
GTEX-13VXU-0011-R11b-SM-5O9DJ	1
GTEX-ZDXO-2926-SM-4WKFM	1
GTEX-12ZZY-0011-R6b-SM-5EGLA	1
GTEX-12WSM-0011-R3b-SM-5LZWI	1
GTEX-13QJC-0011-R6a-SM-5S2VI	1
GTEX-ZVZQ-0011-R4b-SM-57WCZ	1
GTEX-14ASI-0011-R1b-SM-5S2TY	1
GTEX-13OW5-0011-R7a-SM-5O9C9	1
GTEX-NPJ8-1526-SM-2D7VU	1
GTEX-11GSP-0011-R7b-SM-57WC3	1
GTEX-ZDXO-0011-R8a-SM-4WWD7	1
GTEX-R55E-2526-SM-2TC6H	1
GTEX-12WSF-0011-R10a-SM-5LZVH	1
GTEX-14BIL-0011-R9a-SM-5SI7A	1
GTEX-139TT-0011-R1a-SM-5LZVD	1
GTEX-13FXS-0011-R5b-SM-5LZYE	1
GTEX-OHPN-0011-R8A-SM-2I5FJ	1
GTEX-NL4W-0011-R10A-SM-2I3DY	1
GTEX-ZE7O-0011-R7a-SM-57WCU	1
GTEX-12WS9-2926-SM-5EGL8	1
GTEX-13PVQ-0011-R7a-SM-5L3G3	1
GTEX-QDT8-0011-R6A-SM-32PKI	1
GTEX-12WSF-0011-R1a-SM-5DUVI	1
GTEX-13O3O-3026-SM-5KM42	1
GTEX-T6MN-0011-R7A-SM-32QP5	1
GTEX-13PVQ-3026-SM-5SI93	1
GTEX-UTHO-0011-R10A-SM-3GIJQ	1
GTEX-13QJC-0011-R9b-SM-5PNX3	1
GTEX-1445S-0011-R3a-SM-5P9HY	1
GTEX-131YS-0011-R7a-SM-5IJDA	1
GTEX-12WSC-0011-R11a-SM-5GU5J	1
GTEX-139TT-0011-R11b-SM-5LZV1	1
GTEX-ZAB4-0011-R2a-SM-4RGNP	1
GTEX-N7MT-0011-R11A-SM-2I3DZ	1
GTEX-WL46-2926-SM-3LK82	1
GTEX-13O3Q-0011-R7a-SM-5KM38	1
GTEX-11ONC-3026-SM-5985W	1
GTEX-12126-0926-SM-5FQTW	1
GTEX-XOTO-3026-SM-4B65M	1
GTEX-11OF3-3126-SM-5GU5E	1
GTEX-131YS-3026-SM-5EGHY	1
GTEX-139T8-0011-R5b-SM-5J1MO	1
GTEX-14ABY-0011-R11a-SM-5SI7C	1
GTEX-X4XX-0011-R2A-SM-3P623	1
GTEX-12WSM-2126-SM-5GCOC	1
GTEX-139TT-0011-R5b-SM-5K7W8	1
GTEX-PVOW-0011-R5A-SM-32PL7	1
GTEX-X4EP-0011-R4B-SM-3P627	1
GTEX-Z93S-0011-R10a-SM-4RGNM	1
GTEX-YFC4-0011-R8a-SM-4SOK3	1
GTEX-OXRO-0011-R9A-SM-3NB1X	1
GTEX-NL4W-0011-R9a-SM-2I3G1	1
GTEX-11GS4-3126-SM-5A5LH	1
GTEX-QVUS-2926-SM-3GIJB	1
GTEX-13FXS-0011-R1a-SM-5K7U6	1
GTEX-RVPU-0011-R2A-SM-2XCAG	1
GTEX-P44H-0011-R8A-SM-2XCEL	1
GTEX-131XH-0011-R4b-SM-5DUWB	1
GTEX-XMD1-2826-SM-4AT5F	1
GTEX-1445S-0011-R4a-SM-5PNWN	1
GTEX-QMR6-1426-SM-32PLA	1
GTEX-1399T-0011-R8b-SM-5IJD8	1
GTEX-11H98-0011-R5b-SM-57WCF	1
GTEX-13S7M-3026-SM-5S2QQ	1
GTEX-OHPN-2526-SM-2I5H3	1
GTEX-13X6K-0011-R2b-SM-5P9K3	1
GTEX-13OW6-0011-R1a-SM-5L3HQ	1
GTEX-11OF3-2926-SM-5HL78	1
GTEX-13OW5-0011-R4b-SM-5L3HS	1
GTEX-RVPU-0011-R4A-SM-2TF6X	1
GTEX-13N2G-0011-R2a-SM-5MR4Q	1
GTEX-12ZZZ-0011-R10a-SM-5P9HC	1
GTEX-13OW5-0011-R8a-SM-5L3GQ	1
GTEX-N7MT-0011-R3a-SM-2I3GC	1
GTEX-NPJ8-0011-R3a-SM-2HMIW	1
GTEX-13NYB-0011-R9b-SM-5MR5P	1
GTEX-11GSP-0011-R10a-SM-5NQ7J	1
GTEX-12126-0011-R11a-SM-5BC6X	1
GTEX-1313W-0011-R8a-SM-5DUVM	1
GTEX-13VXU-0011-R3b-SM-5O9CU	1
GTEX-13FTZ-0011-R10b-SM-5KLZS	1
GTEX-13SLX-3126-SM-5S2Q5	1
GTEX-13OW8-2826-SM-5L3GC	1
GTEX-XLM4-0011-R3B-SM-4AT6E	1
GTEX-NPJ8-0011-R8a-SM-2HMLG	1
GTEX-ZUA1-0011-R8b-SM-51MST	1
GTEX-ZE7O-0011-R5a-SM-57WBO	1
GTEX-13SLX-0011-R9b-SM-5SI6X	1
GTEX-13SLX-0011-R6a-SM-5PNX4	1
GTEX-13OVJ-0011-R2b-SM-5L3GP	1
GTEX-ZXG5-0011-R6a-SM-57WBZ	1
GTEX-144GO-0011-R6b-SM-5S2V7	1
GTEX-WWYW-3126-SM-3NB39	1
GTEX-12ZZX-0011-R6a-SM-5HL8L	1
GTEX-OXRO-0011-R9A-SM-5S2W3	1
GTEX-11ZVC-0011-R1b-SM-5BC6M	1
GTEX-YFC4-3126-SM-5PNV6	1
GTEX-13RTJ-0011-R2a-SM-5PNW9	1
GTEX-NL3H-0011-R5a-SM-2I3GB	1
GTEX-13FHP-3026-SM-5IJBS	1
GTEX-13O3Q-0011-R1b-SM-5KM3L	1
GTEX-N7MS-0011-R11A-SM-2HMJS	1
GTEX-13NYB-0011-R1b-SM-5KM4F	1
GTEX-N7MS-2526-SM-26GMA	1
GTEX-NPJ8-0011-R4a-SM-2HML3	1
GTEX-ZF28-0011-R8a-SM-4WWFW	1
GTEX-13PL6-0011-R9b-SM-5O9CH	1
GTEX-11NV4-0011-R5a-SM-5NQ88	1
GTEX-ZUA1-3026-SM-59HJC	1
GTEX-13OVJ-0011-R6b-SM-5L3GH	1
GTEX-YJ89-0011-R8b-SM-4SOK8	1
GTEX-ZE7O-0011-R11a-SM-57WBC	1
GTEX-147F4-0011-R8b-SM-5S2UN	1
GTEX-13PL6-3126-SM-5LUAR	1
GTEX-12WSH-0011-R4a-SM-5GU6K	1
GTEX-Z93S-2826-SM-57WBL	1
GTEX-S7SE-0011-R2A-SM-2XCDC	1
GTEX-13O3O-0011-R1b-SM-5KM2K	1
GTEX-Y8DK-0011-R5B-SM-4RTW6	1
GTEX-147F4-0011-R6b-SM-5S2UP	1
GTEX-13JVG-0011-R1a-SM-5KM32	1
GTEX-13FXS-3126-SM-5J2NN	1
GTEX-TSE9-0011-R5A-SM-3DB7J	1
GTEX-YJ89-0011-R5a-SM-4V6GM	1
GTEX-ZAK1-3026-SM-5S2MJ	1
GTEX-13QJC-0011-R2b-SM-5PNUN	1
GTEX-X261-0011-R6B-SM-4E3J8	1
GTEX-13SLW-0011-R8b-SM-5SI64	1
GTEX-Z93S-0011-R2a-SM-4RGNG	1
GTEX-11ONC-0011-R9b-SM-5NQ8J	1
GTEX-13X6J-0011-R4b-SM-5P9K4	1
GTEX-14BIN-0011-R2a-SM-5S2RJ	1
GTEX-13X6I-2926-SM-5Q5C3	1
GTEX-13VXU-0011-R6a-SM-5SI71	1
GTEX-ZAK1-2926-SM-5HL9S	1
GTEX-11DXW-1126-SM-5H12Q	1
GTEX-11WQC-0011-R10a-SM-57WCT	1
GTEX-N7MS-2526-SM-26GMR	1
GTEX-X4EP-0011-R1A-SM-3P624	1
GTEX-OXRN-0011-R5A-SM-2I5EF	1
GTEX-12WSD-3026-SM-5LZU7	1
GTEX-13FHP-0011-R6b-SM-5LZY6	1
GTEX-13FLV-0011-R5a-SM-5LZWT	1
GTEX-12WSD-0011-R2a-SM-5LZWB	1
GTEX-RU72-0011-R11A-SM-5SI8G	1
GTEX-QMR6-0011-R1A-SM-32PKW	1
GTEX-R55F-1326-SM-5S2V4	1
GTEX-ZUA1-0011-R5b-SM-51MTG	1
GTEX-X585-3026-SM-46MWF	1
GTEX-13NYS-0011-R9b-SM-5MR44	1
GTEX-13OVL-3026-SM-5IJF1	1
GTEX-13FTY-0011-R11a-SM-5IJEA	1
GTEX-NPJ7-0011-R5a-SM-33HBK	1
GTEX-11NV4-0011-R6a-SM-57WD5	1
GTEX-Y8DK-0011-R7A-SM-4SOJZ	1
GTEX-X4EP-0011-R2B-SM-3P625	1
GTEX-S7SE-0011-R5A-SM-2XCDA	1
GTEX-13G51-0011-R10b-SM-5LZYF	1
GTEX-13IVO-2926-SM-5L3CZ	1
GTEX-RNOR-0011-R7A-SM-2TF4V	1
GTEX-13PDP-0011-R1a-SM-5PNX5	1
GTEX-12ZZX-0011-R7b-SM-5DUVV	1
GTEX-1445S-0011-R10a-SM-5PNWB	1
GTEX-144GL-0011-R3a-SM-5P9HP	1
GTEX-QVJO-0011-R9A-SM-2S1QH	1
GTEX-13N1W-0011-R7b-SM-5MR4F	1
GTEX-YJ89-3026-SM-5IFJI	1
GTEX-12WSE-0011-R6b-SM-5LZV5	1
GTEX-Q2AG-0011-R5A-SM-2HMJH	1
GTEX-12WSC-0011-R3a-SM-5P9F1	1
GTEX-OXRN-2426-SM-2I5EQ	1
GTEX-T5JC-0011-R11A-SM-5S2RX	1
GTEX-11ZTS-3226-SM-5EGID	1
GTEX-Z93S-0011-R7b-SM-4RGNK	1
GTEX-12ZZX-0011-R3b-SM-5EGLH	1
GTEX-13CIG-0011-R3b-SM-5K7XF	1
GTEX-11DYG-2926-SM-5H132	1
GTEX-1313W-0011-R4b-SM-5KLZV	1
GTEX-13N1W-0011-R4a-SM-5MR52	1
GTEX-13JUV-3026-SM-5K7WX	1
GTEX-13QJC-0011-R8b-SM-5S2U6	1
GTEX-13OW7-0011-R10a-SM-5L3H3	1
GTEX-12WS9-0011-R2a-SM-5CVNE	1
GTEX-YFC4-0011-R9a-SM-4SOK4	1
GTEX-1192X-3226-SM-5987D	1
GTEX-ZV68-0011-R10a-SM-51MT7	1
GTEX-12WSH-0011-R2a-SM-5GU68	1
GTEX-NPJ7-0011-R2a-SM-2I3GF	1
GTEX-12WSF-0011-R2a-SM-5DUVU	1
GTEX-PWO3-0011-R8A-SM-2I5GD	1
GTEX-12WSB-3026-SM-59HKM	1
GTEX-XOTO-0011-R1B-SM-4B65C	1
GTEX-144GL-0011-R5b-SM-5PNUJ	1
GTEX-12WSB-0011-R5b-SM-5GU67	1
GTEX-11GSO-0011-R3b-SM-57WB2	1
GTEX-R55E-0011-R9A-SM-2TC6C	1
GTEX-145MH-0011-R10b-SM-5PNUK	1
GTEX-13OVL-0011-R10a-SM-5L3GS	1
GTEX-1445S-0011-R2b-SM-5PNUH	1
GTEX-139UC-0011-R6b-SM-5K7Z1	1
GTEX-QVUS-0011-R9A-SM-3GIJA	1
GTEX-X585-0011-R11B-SM-46MUZ	1
GTEX-NPJ7-0011-R5a-SM-2I5GY	1
GTEX-ZF28-0011-R3a-SM-4WWDA	1
GTEX-13X6I-0011-R3b-SM-5P9HM	1
GTEX-132Q8-0011-R7b-SM-5N9F1	1
GTEX-ZAB4-0011-R9a-SM-4SOKG	1
GTEX-11ZU8-0011-R4a-SM-5BC6Y	1
GTEX-13IVO-0011-R11b-SM-5LZXQ	1
GTEX-13JVG-0011-R7b-SM-5MR3Q	1
GTEX-13X6K-0011-R10a-SM-5P9JR	1
GTEX-ZE9C-0011-R5a-SM-5EGLO	1
GTEX-T6MN-0011-R10A-SM-5S2SB	1
GTEX-139TT-0011-R6b-SM-5J2ON	1
GTEX-P44H-0011-R10A-SM-2XCEK	1
GTEX-12WSD-0011-R5b-SM-5CVNG	1
GTEX-13NYB-3026-SM-5IJD7	1
GTEX-13PVQ-0011-R3b-SM-5O9D6	1
GTEX-P44H-0011-R5A-SM-2XCEX	1
GTEX-N7MS-2425-SM-26GMD	1
GTEX-131XH-0011-R6a-SM-5KM2G	1
GTEX-13N1W-0011-R9b-SM-5MR4R	1
GTEX-WL46-0011-R1A-SM-3LK6M	1
GTEX-RVPU-0011-R10A-SM-2XCAH	1
GTEX-14BIM-0011-R3b-SM-5S2RL	1
GTEX-12WSD-3126-SM-5HL7P	1
GTEX-QDT8-0011-R2A-SM-32PKQ	1
GTEX-ZUA1-0011-R11b-SM-51MTI	1
GTEX-X4XX-0011-R4B-SM-46MWL	1
GTEX-13OW8-0011-R10a-SM-5L3H6	1
GTEX-QMR6-0011-R5A-SM-32PKT	1
GTEX-ZUA1-0011-R6b-SM-4YCDD	1
GTEX-12WSF-0011-R5a-SM-5HL8K	1
GTEX-13FXS-0011-R8a-SM-5J1MN	1
GTEX-145MH-0011-R3b-SM-5P9JQ	1
GTEX-145MI-0011-R3b-SM-5PNWK	1
GTEX-13IVO-0011-R8a-SM-5L3DY	1
GTEX-WHSE-0011-R2A-SM-3P5ZL	1
GTEX-ZE9C-0011-R3a-SM-4WKGT	1
GTEX-131XH-0011-R11a-SM-5EGLN	1
GTEX-13NZA-0011-R1b-SM-5LUAF	1
GTEX-YJ89-0011-R2b-SM-4RGLT	1
GTEX-Q2AG-0011-R8A-SM-2HMK5	1
GTEX-ZE7O-0011-R10a-SM-57WAZ	1
GTEX-11EMC-3226-SM-5EGKW	1
GTEX-139UC-0011-R9a-SM-5K7W7	1
GTEX-NPJ8-0011-R10A-SM-2YUMO	1
GTEX-144GL-0011-R11b-SM-5P9F6	1
GTEX-13FTY-0011-R1a-SM-5LZXE	1
GTEX-ZZPT-3026-SM-5GZXH	1
GTEX-ZV68-0011-R6a-SM-51MSR	1
GTEX-WZTO-0011-R5B-SM-3NMC5	1
GTEX-QDT8-0011-R9A-SM-5SI8J	1
GTEX-131XH-0011-R2b-SM-5DUVY	1
GTEX-13FHO-2926-SM-5L3ES	1
GTEX-13X6K-2926-SM-5Q5D5	1
GTEX-13QJC-0011-R10a-SM-5SI63	1
GTEX-139TS-0011-R7a-SM-5K7X7	1
GTEX-12WSM-0011-R8a-SM-5DUWJ	1
GTEX-13VXU-0011-R9b-SM-5SI73	1
GTEX-145LS-0011-R5a-SM-5SI65	1
GTEX-QMR6-0011-R6A-SM-32PKP	1
GTEX-YJ89-0011-R9a-SM-4SOK7	1
GTEX-145LU-2626-SM-5LU9Z	1
GTEX-1212Z-0011-R1b-SM-5BC72	1
GTEX-11NV4-0011-R7a-SM-57WDH	1
GTEX-Q2AG-2826-SM-2HMJQ	1
GTEX-XOTO-0011-R3A-SM-4B64W	1
GTEX-12WSA-0011-R8a-SM-5P9EX	1
GTEX-11UD1-0011-R1b-SM-5BC7D	1
GTEX-P44G-0011-R3A-SM-2I3FC	1
GTEX-13RTJ-0011-R11a-SM-5O9CK	1
GTEX-145MH-0011-R7a-SM-5PNWH	1
GTEX-PVOW-2626-SM-32PL8	1
GTEX-ZUA1-2926-SM-59HL3	1
GTEX-13FHP-0011-R7b-SM-5LZYI	1
GTEX-13N2G-3126-SM-5IJGL	1
GTEX-12WSH-0011-R1a-SM-5GU5V	1
GTEX-13G51-3026-SM-5IJB8	1
GTEX-NL4W-0011-R2a-SM-2I5GV	1
GTEX-T2IS-0011-R2A-SM-32QPF	1
GTEX-QVUS-0011-R1A-SM-3GAD2	1
GTEX-13JVG-0011-R5a-SM-5MR4O	1
GTEX-139UC-0011-R4a-SM-5K7XM	1
GTEX-13X6J-0011-R7b-SM-5PNUC	1
GTEX-XLM4-3026-SM-4AT6L	1
GTEX-RNOR-0011-R5A-SM-2TF4J	1
GTEX-14ASI-0011-R10b-SM-5S2VZ	1
GTEX-13S7M-0011-R11b-SM-5P9HU	1
GTEX-14BIL-0011-R10a-SM-5SI75	1
GTEX-WL46-0011-R9A-SM-3MJFP	1
GTEX-11ZVC-0011-R4a-SM-5BC6Z	1
GTEX-13RTJ-0011-R1a-SM-5O9D9	1
GTEX-R55E-0011-R1A-SM-2TC6N	1
GTEX-13O3O-0011-R10a-SM-5LUA9	1
GTEX-13X6K-0011-R8b-SM-5PNZ4	1
GTEX-13NYB-0011-R10a-SM-5KM43	1
GTEX-12ZZX-0011-R1a-SM-5EQ6B	1
GTEX-13N2G-0011-R11a-SM-5MR3F	1
GTEX-13FHO-0011-R11b-SM-5LZYQ	1
GTEX-13CZV-0011-R5a-SM-5K7XA	1
GTEX-12WSH-0011-R10a-SM-5LZUS	1
GTEX-13OVL-0011-R8a-SM-5L3HH	1
GTEX-12ZZZ-0011-R7b-SM-5EGLE	1
GTEX-13VXU-0011-R7b-SM-5SI72	1
GTEX-12WSF-0011-R11a-SM-5LZVT	1
GTEX-12WSD-0011-R10b-SM-5GU79	1
GTEX-11ZTS-0011-R2b-SM-5BC75	1
GTEX-NL3H-0011-R10A-SM-2I3E9	1
GTEX-XOTO-0011-R9A-SM-4GICI	1
GTEX-ZAB4-0011-R11a-SM-4SOKI	1
GTEX-12WSB-0011-R1b-SM-5P9EY	1
GTEX-13QJC-0011-R7b-SM-5PNUM	1
GTEX-N7MT-1226-SM-2TC6K	1
GTEX-13IVO-0011-R6b-SM-5K7X9	1
GTEX-ZDXO-0011-R10a-SM-4WWD8	1
GTEX-131YS-0011-R4a-SM-5DUVL	1
GTEX-R55F-0011-R5A-SM-2TF5L	1
GTEX-YJ89-0011-R1a-SM-4RGLS	1
GTEX-NL3H-0011-R3a-SM-2I3GL	1
GTEX-12WSF-0011-R7b-SM-5HL99	1
GTEX-14BIN-0011-R5b-SM-5SI78	1
GTEX-11ZVC-0011-R9a-SM-57WC5	1
GTEX-NPJ7-0011-R1a-SM-3GACT	1
GTEX-14ASI-2926-SM-5Q5DG	1
GTEX-NPJ8-0011-R5a-SM-2HMJY	1
GTEX-1313W-0011-R3a-SM-5EGLI	1
GTEX-145LS-3026-SM-5O99S	1
GTEX-Q2AG-0011-R10A-SM-2HMLA	1
GTEX-145MI-0011-R8b-SM-5PNZ9	1
GTEX-N7MS-0011-R7a-SM-2HMKN	1
GTEX-ZVZQ-0011-R10b-SM-51MRT	1
GTEX-13CF2-0011-R3b-SM-5LZZ6	1
GTEX-144GL-0011-R8a-SM-5Q5B1	1
GTEX-OHPN-0011-R1A-SM-2I5GB	1
GTEX-ZXG5-0011-R7b-SM-57WCC	1
GTEX-144GL-0011-R7b-SM-5P9HX	1
GTEX-WVLH-0011-R6A-SM-3MJFZ	1
GTEX-13OVJ-0011-R8b-SM-5L3FS	1
GTEX-12WS9-2826-SM-5FQU9	1
GTEX-13NYB-0011-R7a-SM-5MR5D	1
GTEX-13G51-0011-R8b-SM-5LZZ4	1
GTEX-12584-0011-R6a-SM-5NQ7C	1
GTEX-13PVQ-0011-R4a-SM-5O9CT	1
GTEX-13N2G-0011-R1b-SM-5MR3G	1
GTEX-ZVZQ-0011-R5b-SM-57WDC	1
GTEX-13OW6-0011-R2a-SM-5L3HG	1
GTEX-13X6K-0011-R5b-SM-5PNUE	1
GTEX-XMD1-0011-R6A-SM-4AT5K	1
GTEX-R55E-0011-R6A-SM-2TC5T	1
GTEX-13CZV-0011-R11b-SM-5N9FN	1
GTEX-117XS-3026-SM-5N9CA	1
GTEX-1128S-2726-SM-5H12C	1
GTEX-13PLJ-0011-R5a-SM-5O9BG	1
GTEX-NPJ8-0011-R1a-SM-2HMLC	1
GTEX-145MI-0011-R10a-SM-5PNZD	1
GTEX-NL4W-0011-R5a-SM-2I3GD	1
GTEX-13PDP-0011-R8b-SM-5O9CS	1
GTEX-13CF2-0011-R7b-SM-5K7UV	1
GTEX-NL4W-0011-R8a-SM-2I3G4	1
GTEX-13O3O-0011-R6b-SM-5P9GY	1
GTEX-WHSE-3026-SM-3P5ZH	1
GTEX-11TTK-2926-SM-5PNYP	1
GTEX-ZVT3-0011-R7a-SM-57WCO	1
GTEX-N7MS-0011-R3a-SM-5SI8H	1
GTEX-13CF2-0011-R11b-SM-5LZXO	1
GTEX-T6MN-0011-R4A-SM-32QPG	1
GTEX-13N2G-0011-R6b-SM-5MR3P	1
GTEX-ZXG5-0011-R8a-SM-57WD1	1
GTEX-13N2G-0011-R4b-SM-5MR54	1
GTEX-131XW-0011-R9a-SM-5N9EO	1
GTEX-QDT8-0011-R1A-SM-32PKS	1
GTEX-R55E-0011-R8A-SM-2TC66	1
GTEX-T2IS-0011-R5A-SM-32QP4	1
GTEX-13SLW-0011-R4b-SM-5S2W2	1
GTEX-13PDP-0011-R6b-SM-5O9D5	1
GTEX-13NYB-0011-R6b-SM-5MR51	1
GTEX-N7MS-2425-SM-26GMU	1
GTEX-QDT8-0011-R4A-SM-32PKM	1
GTEX-12WSF-0011-R3a-SM-5DUW7	1
GTEX-WVLH-0011-R11A-SM-3MJFO	1
GTEX-ZE9C-0011-R9a-SM-4WWCY	1
GTEX-T2IS-3026-SM-32QPM	1
GTEX-12ZZY-0011-R10b-SM-5HL7W	1
GTEX-132Q8-0011-R5a-SM-5IJDM	1
GTEX-13S7M-0011-R10b-SM-5PNZB	1
GTEX-Q2AG-0011-R11A-SM-2HMKZ	1
GTEX-13JUV-0011-R7b-SM-5LZZG	1
GTEX-131YS-3126-SM-5KLYT	1
GTEX-T6MN-0011-R10A-SM-32QP7	1
GTEX-13FXS-0011-R7a-SM-5L3FC	1
GTEX-1313W-0011-R5b-SM-5L3EP	1
GTEX-13FLV-0011-R8a-SM-5LZZE	1
GTEX-X4XX-0011-R1B-SM-3P622	1
GTEX-S7SE-0011-R6A-SM-2XCD9	1
GTEX-12WSA-0011-R5b-SM-5GU5I	1
GTEX-13FTY-0011-R9b-SM-5KM2U	1
GTEX-13RTJ-0011-R10b-SM-5O9CW	1
GTEX-T5JC-0011-R9A-SM-32PLV	1
GTEX-12WSH-3126-SM-5LZW8	1
GTEX-13O3O-0011-R7b-SM-5P9GZ	1
GTEX-WZTO-0011-R4A-SM-3NMC7	1
GTEX-14ASI-3026-SM-5S2PN	1
GTEX-11OC5-0726-SM-5P9JK	1
GTEX-132Q8-0011-R10b-SM-5DUWZ	1
GTEX-S7SE-0011-R4A-SM-2XCDB	1
GTEX-145MG-3126-SM-5Q5D3	1
GTEX-X4XX-0011-R3B-SM-46MWK	1
GTEX-OXRO-0011-R2A-SM-3NB1W	1
GTEX-13OVJ-0011-R1b-SM-5L3I6	1
GTEX-X4EP-0011-R9B-SM-4QASI	1
GTEX-13JUV-0011-R9a-SM-5LZX3	1
GTEX-13QIC-0011-R10a-SM-5O9C7	1
GTEX-N7MT-0011-R6a-SM-2I3G3	1
GTEX-11GSP-3126-SM-5A5LL	1
GTEX-WHSE-0011-R4A-SM-3P5ZN	1
GTEX-ZE9C-3026-SM-4WKHB	1
GTEX-QVJO-0011-R8A-SM-447C7	1
GTEX-OHPN-0011-R10A-SM-33HBU	1
GTEX-P44G-0011-R10A-SM-2I3FF	1
GTEX-UTHO-0011-R5A-SM-3GIJD	1
GTEX-QMR6-0011-R2A-SM-32PKV	1
GTEX-WL46-0011-R6A-SM-3LK6X	1
GTEX-1313W-3026-SM-5LZUZ	1
GTEX-13RTJ-0011-R3a-SM-5PNX7	1
GTEX-147GR-0011-R2b-SM-5S2RQ	1
GTEX-145MI-0011-R5a-SM-5Q5B4	1
GTEX-13OVL-0011-R1a-SM-5L3H5	1
GTEX-13NYS-3126-SM-5KLYV	1
GTEX-13FLV-0011-R7b-SM-5K7WW	1
GTEX-13PLJ-0011-R11b-SM-5O9BS	1
GTEX-12WSI-0011-R11b-SM-5P9EZ	1
GTEX-13O3O-0011-R2b-SM-5P9H1	1
GTEX-12WSM-0011-R5a-SM-5EQ4Y	1
GTEX-12WSC-0011-R6b-SM-5LU99	1
GTEX-13NYS-0011-R3b-SM-5MR41	1
GTEX-PWO3-0011-R6A-SM-2I5F3	1
GTEX-145LS-0011-R7a-SM-5PNWM	1
GTEX-ZUA1-0011-R3a-SM-4YCEE	1
GTEX-13SLX-0011-R5a-SM-5O9BV	1
GTEX-P44G-0011-R11A-SM-2I3FD	1
GTEX-13OW6-3026-SM-5J2MI	1
GTEX-13FHP-2926-SM-5IJG9	1
GTEX-1313W-0011-R2a-SM-5EGLF	1
GTEX-P44G-0011-R5A-SM-2I3FA	1
GTEX-13NZA-0011-R10b-SM-5KM54	1
GTEX-OHPN-0011-R9A-SM-2YUMN	1
GTEX-R55E-0011-R7A-SM-2TC5Z	1
GTEX-WHSE-0011-R1A-SM-3P5ZK	1
GTEX-X4XX-3026-SM-3NMB2	1
GTEX-13X6I-0011-R4b-SM-5PNU9	1
GTEX-12WS9-0011-R5b-SM-5P9EV	1
GTEX-13112-0011-R1b-SM-5HL7K	1
GTEX-OHPN-0011-R9A-SM-4DXUH	1
GTEX-13X6K-0011-R11a-SM-5P9F5	1
GTEX-12WSD-0011-R4b-SM-5LZUA	1
GTEX-145LS-0011-R4b-SM-5S2UT	1
GTEX-X261-0011-R10B-SM-4E3JT	1
GTEX-13G51-0011-R7b-SM-5LZXG	1
GTEX-TSE9-0011-R9A-SM-3DB7Q	1
GTEX-139UC-0011-R5b-SM-5K7VY	1
GTEX-145MH-2926-SM-5Q5D2	1
GTEX-WHSE-0011-R8A-SM-3P5Z1	1
GTEX-13FLW-0011-R5a-SM-5LZX6	1
GTEX-WL46-0011-R7A-SM-3LK7X	1
GTEX-13OW8-2926-SM-5L3FV	1
GTEX-117YW-2926-SM-5GIEQ	1
GTEX-P44H-2426-SM-2XCEJ	1
GTEX-WVLH-0011-R7A-SM-3MJFB	1
GTEX-13112-0011-R3b-SM-5HL9L	1
GTEX-14ABY-0011-R6a-SM-5PNWR	1
GTEX-132Q8-0011-R8b-SM-5DUWX	1
GTEX-14BIN-0011-R10a-SM-5S2UA	1
GTEX-ZE9C-0011-R7a-SM-4WWCX	1
GTEX-Z93S-0011-R8a-SM-4RGNL	1
GTEX-13QIC-0011-R1a-SM-5O9CJ	1
GTEX-13X6J-0011-R5b-SM-5PNWT	1
GTEX-11ZTS-0011-R3a-SM-5BC78	1
GTEX-12WSC-0011-R5b-SM-5CVNS	1
GTEX-13CIG-0011-R9a-SM-5K7VU	1
GTEX-Q2AG-0011-R4A-SM-2HMKA	1
GTEX-13RTJ-0011-R6a-SM-5SI74	1
GTEX-WZTO-0011-R6B-SM-4E3J6	1
GTEX-13X6J-0011-R8b-SM-5PNUA	1
GTEX-N7MS-0011-R2a-SM-2HML6	1
GTEX-12WSF-0011-R6b-SM-5HL8W	1
GTEX-13SLX-0011-R2b-SM-5S2VP	1
GTEX-ZVZQ-0011-R9a-SM-51MRH	1
GTEX-145LS-0011-R10a-SM-5PNUQ	1
GTEX-1445S-0011-R5a-SM-5PNUS	1
GTEX-11ONC-0011-R8b-SM-5NQ87	1
GTEX-T5JC-0011-R5A-SM-32PLK	1
GTEX-QMR6-0011-R10A-SM-32PKO	1
GTEX-PWO3-0011-R5A-SM-2I5EZ	1
GTEX-14ABY-0011-R5b-SM-5SI7B	1
GTEX-1313W-0011-R1b-SM-5EQ4A	1
GTEX-131XW-0011-R11a-SM-5DUV9	1
GTEX-12ZZX-0011-R2a-SM-5EGLG	1
GTEX-QVUS-0011-R8A-SM-3GAD7	1
GTEX-N7MT-0011-R2a-SM-2I3GI	1
GTEX-13OW7-0011-R11a-SM-5O9DY	1
GTEX-XLM4-2926-SM-4AT59	1
GTEX-13NYS-0011-R4b-SM-5MR3O	1
GTEX-RNOR-0011-R4A-SM-3GAD3	1
GTEX-13CZV-0011-R7b-SM-5LZXH	1
GTEX-WHSE-0011-R11A-SM-3P5YY	1
GTEX-XMD1-0011-R9A-SM-4AT49	1
GTEX-12ZZY-0011-R7a-SM-5EGLB	1
GTEX-T5JC-0011-R1A-SM-32PM6	1
GTEX-13X6K-0011-R6a-SM-5P9K6	1
GTEX-131YS-0011-R10b-SM-5EQ5N	1
GTEX-13OW6-0011-R7b-SM-5L3H4	1
GTEX-145LU-0011-R3a-SM-5P9K2	1
GTEX-NPJ8-0011-R1a-SM-33HCB	1
GTEX-13SLX-0011-R4a-SM-5O9BJ	1
GTEX-139TS-3126-SM-5LZWX	1
GTEX-PVOW-0011-R3A-SM-32PKX	1
GTEX-TSE9-0011-R8A-SM-3DB7R	1
GTEX-ZAB4-0011-R7a-SM-4SOKE	1
GTEX-QMR6-1326-SM-32PLB	1
GTEX-QDT8-0011-R10A-SM-32PKG	1
GTEX-RNOR-0011-R1A-SM-2TF5D	1
GTEX-Q2AG-0011-R9A-SM-2HMJ6	1
GTEX-X4XY-0011-R10B-SM-46MWS	1
GTEX-ZVT3-3026-SM-5E43N	1
GTEX-11NV4-2226-SM-5BC4T	1
GTEX-13OW8-0011-R8a-SM-5L3G5	1
GTEX-12WSA-2926-SM-5EQ4D	1
GTEX-YFC4-0011-R4a-SM-4RGLQ	1
GTEX-YJ89-0011-R11a-SM-4SOKA	1
GTEX-N7MS-0011-R8a-SM-2YUMK	1
GTEX-ZE9C-0011-R4a-SM-4WKH6	1
GTEX-13FLV-0011-R6a-SM-5KLZ4	1
GTEX-TSE9-0011-R4A-SM-3DB7H	1
GTEX-WL46-0011-R3A-SM-3TW8E	1
GTEX-12WSM-0011-R7b-SM-5EGLD	1
GTEX-QDT8-0011-R11A-SM-32PKD	1
GTEX-Z93S-2926-SM-57WB9	1
GTEX-13SLX-0011-R10a-SM-5P9HV	1
GTEX-XMD1-0011-R5A-SM-4AT47	1
GTEX-XLM4-0011-R2B-SM-4AT5Z	1
GTEX-145MH-3026-SM-5Q5DZ	1
GTEX-S7SE-0011-R7A-SM-2XCDI	1
GTEX-12WSB-0011-R7b-SM-5GU6V	1
GTEX-13OW7-0011-R8b-SM-5L3HR	1
GTEX-ZUA1-0011-R1a-SM-4YCE2	1
GTEX-139T4-0011-R9b-SM-5HL6S	1
GTEX-X4EP-3026-SM-3P5YP	1
GTEX-ZF28-0011-R11a-SM-4WWEI	1
GTEX-11WQC-0011-R11b-SM-57WD6	1
GTEX-13NYB-0011-R8a-SM-5KM4R	1
GTEX-RU72-0011-R9A-SM-2TF67	1
GTEX-ZV68-0011-R2a-SM-4YCDK	1
GTEX-RVPU-0011-R8A-SM-5SI8I	1
GTEX-Z93S-0011-R3b-SM-4RGNH	1
GTEX-13JVG-0011-R4a-SM-5MR4C	1
GTEX-132Q8-0011-R1a-SM-5EGLK	1
GTEX-13CF2-3026-SM-5IFFX	1
GTEX-XOTO-0011-R11B-SM-4B64O	1
GTEX-11ZUS-2826-SM-5EQKW	1
GTEX-11ZUS-0011-R10b-SM-5BC79	1
GTEX-NPJ7-0011-R8a-SM-2I3G2	1
GTEX-WVLH-0011-R2A-SM-3MJFJ	1
GTEX-11WQK-0011-R10a-SM-5BC6R	1
GTEX-12WSC-0011-R7b-SM-5LU9L	1
GTEX-ZVT3-0011-R11b-SM-57WBI	1
GTEX-117XS-3126-SM-5GIDP	1
GTEX-12ZZZ-0011-R5a-SM-5EQ4M	1
GTEX-13OVJ-0011-R3b-SM-5P9H6	1
GTEX-1313W-0011-R7b-SM-5DUWL	1
GTEX-QMR6-0011-R11A-SM-32PKK	1
GTEX-P44G-2526-SM-2I5EK	1
GTEX-R55E-0011-R11A-SM-2TC6I	1
GTEX-ZDXO-0011-R7a-SM-4WWCU	1
GTEX-N7MS-0011-R4a-SM-2HMKW	1
GTEX-PWO3-0926-SM-2I5EY	1
GTEX-N7MS-0011-R6a-SM-2HMJ4	1
GTEX-12WSB-0011-R6b-SM-5GU6J	1
GTEX-XMD1-0011-R2B-SM-4AT5N	1
GTEX-1399T-0011-R11a-SM-5J2O1	1
GTEX-P44G-0011-R4A-SM-2I3FB	1
GTEX-NPJ7-0011-R4a-SM-2I3GJ	1
GTEX-13OVH-0011-R4a-SM-5KM3W	1
GTEX-13OW6-0011-R11a-SM-5L3H2	1
GTEX-ZYFD-3026-SM-5E44C	1
GTEX-13OW7-0011-R1b-SM-5L3HF	1
GTEX-11NUK-2926-SM-5A5MD	1
GTEX-13CZV-0011-R10b-SM-5LZYD	1
GTEX-111FC-3126-SM-5GZZ2	1
GTEX-YJ89-0011-R3b-SM-4V6EF	1
GTEX-OXRN-0011-R10A-SM-2I5GC	1
GTEX-ZE7O-3126-SM-5HL5X	1
GTEX-13G51-0011-R2b-SM-5LZXS	1
GTEX-11UD1-0011-R2b-SM-5BC6O	1
GTEX-X261-0011-R11A-SM-4E3JY	1
GTEX-14753-0011-R8b-SM-5S2U1	1
GTEX-13112-0011-R4b-SM-5DUXL	1
GTEX-T2IS-2926-SM-32QPO	1
GTEX-N7MS-0011-R3a-SM-2HMKD	1
GTEX-QVUS-0011-R3A-SM-3GAFD	1
GTEX-12WSD-0011-R3b-SM-5LZWN	1
GTEX-12WSH-0011-R5b-SM-5P9F3	1
GTEX-12ZZY-2926-SM-5DUXO	1
GTEX-XMD1-0011-R11A-SM-4AT5J	1
GTEX-13FXS-0011-R6b-SM-5L3F7	1
GTEX-13OVH-0011-R6b-SM-5LUAX	1
GTEX-YFC4-0011-R5a-SM-4RGLR	1
GTEX-144GO-0011-R1a-SM-5PNWO	1
GTEX-12ZZZ-0011-R11a-SM-5EGLC	1
GTEX-144GL-3026-SM-5Q5CW	1
GTEX-13X6I-0011-R7b-SM-5PNWP	1
GTEX-ZVT3-0011-R10b-SM-57WB6	1
GTEX-13X6I-0011-R10a-SM-5PNWI	1
GTEX-NPJ8-2626-SM-2D7W2	1
GTEX-ZDXO-0011-R11a-SM-4WWD9	1
GTEX-12WSF-0011-R4b-SM-5HL88	1
GTEX-132Q8-3026-SM-5PNVG	1
GTEX-13OW6-0011-R6b-SM-5L3GR	1
GTEX-13OVJ-0011-R4b-SM-5P9H5	1
GTEX-OHPN-2626-SM-2I5H1	1
GTEX-X4XX-0011-R10B-SM-46MWO	1
GTEX-TSE9-0011-R6A-SM-3DB7L	1
GTEX-ZDXO-0011-R2b-SM-4WKFG	1
GTEX-13O1R-0011-R9b-SM-5KM33	1
GTEX-12ZZZ-0011-R4b-SM-5DUV7	1
GTEX-12WSM-0011-R6b-SM-5EQ6N	1
GTEX-XLM4-0011-R6A-SM-4AT4B	1
GTEX-13CF2-0011-R8b-SM-5IJCX	1
GTEX-13OVJ-0011-R9b-SM-5L3GD	1
GTEX-ZDXO-0011-R1a-SM-4WKF4	1
GTEX-11GSO-2926-SM-5HL73	1
GTEX-13RTJ-0011-R7b-SM-5P9JS	1
GTEX-13SLW-0011-R1a-SM-5S2W7	1
GTEX-RVPU-0011-R3A-SM-2XCAE	1
GTEX-13VXU-2926-SM-5LU5C	1
GTEX-144GL-2926-SM-5O99F	1
GTEX-X4EP-0011-R7B-SM-4PQZW	1
GTEX-145MG-3026-SM-5RQJA	1
GTEX-11OF3-0011-R11a-SM-57WCR	1
GTEX-145MH-0011-R11a-SM-5P9HQ	1
GTEX-WZTO-0011-R11A-SM-4E3K9	1
GTEX-NPJ8-2626-SM-26GMZ	1
GTEX-13NYS-0011-R1b-SM-5MR55	1
GTEX-ZVT3-0011-R8b-SM-57WDJ	1
GTEX-ZAB4-0011-R1a-SM-4RGNO	1
GTEX-ZAB4-0011-R10a-SM-4SOKH	1
GTEX-13SLW-0011-R2b-SM-5O9C6	1
GTEX-147F4-0011-R10b-SM-5S2WC	1
GTEX-14753-0011-R10b-SM-5S2WE	1
GTEX-131YS-0011-R3b-SM-5DUXB	1
GTEX-12WSE-0011-R7a-SM-5PNWF	1
GTEX-WL46-0011-R2A-SM-3LK6O	1
GTEX-11ONC-0011-R1a-SM-57WD4	1
GTEX-ZE9C-0011-R2a-SM-4WKGH	1
GTEX-T5JC-0011-R10A-SM-32PM2	1
GTEX-13RTJ-3126-SM-5S2Q4	1
GTEX-Q2AG-0011-R6A-SM-2HML7	1
GTEX-13112-2926-SM-5DUWT	1
GTEX-131XH-0011-R8a-SM-5EGLL	1
GTEX-13OVJ-0011-R7a-SM-5L3G1	1
GTEX-14ABY-0011-R9a-SM-5PNZK	1
GTEX-13SLW-0011-R3b-SM-5SI6Y	1
GTEX-ZVZQ-0011-R3a-SM-57WC7	1
GTEX-13OW6-0011-R10a-SM-5L3HE	1
GTEX-131XH-0011-R10a-SM-5EGLJ	1
GTEX-13G51-0011-R5a-SM-5L3EB	1
GTEX-139TS-0011-R6a-SM-5J2OB	1
GTEX-ZXG5-0011-R10a-SM-57WDD	1
GTEX-QDT8-3026-SM-32PKB	1
GTEX-OXRO-0011-R5A-SM-2I5EG	1
GTEX-T5JC-0011-R2A-SM-32PLZ	1
GTEX-139TS-0011-R8a-SM-5J1NP	1
GTEX-11ZVC-0011-R3a-SM-5BC6V	1
GTEX-WWYW-0011-R10A-SM-3NB35	1
GTEX-11ZVC-3026-SM-59HJM	1
GTEX-ZZPT-2926-SM-5EQ5S	1
GTEX-13OW8-0011-R3a-SM-5L3I4	1
GTEX-WWYW-0011-R6A-SM-3NB3G	1
GTEX-145MF-2726-SM-5O995	1
GTEX-13NYB-0011-R11a-SM-5KM3Q	1
GTEX-13PL6-0011-R6a-SM-5O9C5	1
GTEX-132Q8-0011-R11b-SM-5DUW9	1
GTEX-QVUS-0011-R4A-SM-3GAE7	1
GTEX-13112-0011-R5b-SM-5DUV8	1
GTEX-13O3Q-3026-SM-5IJGD	1
GTEX-11ZU8-0011-R3a-SM-5BC6U	1
GTEX-14E7W-2926-SM-5S2R8	1
GTEX-QDT8-0011-R5A-SM-32PKN	1
GTEX-13FLW-0011-R8b-SM-5J1MZ	1
GTEX-XOTO-0011-R7B-SM-4B64R	1
GTEX-X585-0011-R5A-SM-46MVI	1
GTEX-P44H-0011-R6A-SM-2XCF3	1
GTEX-X4EP-0011-R5A-SM-3P628	1
GTEX-11H98-0011-R10b-SM-5NQ98	1
GTEX-X4EP-0011-R10B-SM-4QASJ	1
GTEX-13OVH-0011-R8b-SM-5MR35	1
GTEX-12WSA-0011-R2a-SM-57WDK	1
GTEX-XMD1-0011-R3B-SM-4AT5R	1
GTEX-13N2G-0011-R9b-SM-5MR4E	1
GTEX-1445S-0011-R6b-SM-5PNUF	1
GTEX-11UD1-0011-R3a-SM-5BC6S	1
GTEX-13JVG-3126-SM-5L3FH	1
GTEX-NL3H-0011-R4a-SM-2I3GK	1
GTEX-13OVL-0011-R5b-SM-5L3FU	1
GTEX-13X6J-0011-R10b-SM-5PNWA	1
GTEX-12ZZW-0011-R4a-SM-5DUX9	1
GTEX-QVUS-0011-R10A-SM-3GIK3	1
GTEX-WL46-0011-R10A-SM-3MJFQ	1
GTEX-P44G-2426-SM-2I5ER	1
GTEX-RNOR-0011-R1A-SM-5SI8F	1
GTEX-139UW-0011-R11a-SM-5IJGN	1
GTEX-13JVG-0011-R10b-SM-5KM2P	1
GTEX-WHSE-0011-R6A-SM-3P5ZP	1
GTEX-NPJ7-0011-R10A-SM-2I3E5	1
GTEX-13OVL-0011-R4b-SM-5L3HV	1
GTEX-Y8DK-0011-R11A-SM-4SOK2	1
GTEX-144GL-0011-R1a-SM-5PNZ5	1
GTEX-11WQK-0011-R11a-SM-5BC6W	1
GTEX-13VXU-0011-R5a-SM-5O9D7	1
GTEX-13G51-3126-SM-5IJG7	1
GTEX-139UC-0011-R8b-SM-5IJCL	1
GTEX-13OW5-0011-R9b-SM-5O9CL	1
GTEX-13OW5-3126-SM-5MR3Y	1
GTEX-12ZZZ-0011-R6b-SM-5EQ5B	1
GTEX-XLM4-0011-R4B-SM-4AT5C	1
GTEX-T6MN-0011-R5A-SM-32QPD	1
GTEX-WWYW-0011-R7A-SM-3NB3H	1
GTEX-RNOR-2326-SM-2TF4I	1
GTEX-12WS9-0011-R6a-SM-5P9EW	1
GTEX-YFC4-0011-R3a-SM-4RGLP	1
GTEX-13X6J-0011-R3b-SM-5P9K5	1
GTEX-13NZA-0011-R11b-SM-5KM4W	1
GTEX-13CF2-0011-R2a-SM-5L3DC	1
GTEX-14753-0011-R6b-SM-5S2UD	1
GTEX-131YS-0011-R5b-SM-5K7YB	1
GTEX-11ZUS-2926-SM-5FQSL	1
GTEX-14BIN-3326-SM-5Q5E6	1
GTEX-Y8DK-0826-SM-4TT3T	1
GTEX-YJ89-2926-SM-5P9IT	1
GTEX-NL3H-0011-R2a-SM-2I3GG	1
GTEX-13NYB-0011-R5a-SM-5MR45	1
GTEX-139T8-1026-SM-5J2MC	1
GTEX-13PLJ-0011-R9b-SM-5O9DV	1
GTEX-12WSM-0011-R11a-SM-5DUX8	1
GTEX-NPJ8-0011-R6a-SM-2HMKB	1
GTEX-X585-0011-R1B-SM-46MVE	1
GTEX-S7SE-0011-R11A-SM-2XCDD	1
GTEX-X4EP-0011-R6A-SM-3P629	1
GTEX-11UD1-0011-R5b-SM-5P9FP	1
GTEX-RNOR-2226-SM-2TF5O	1
GTEX-11GSO-0011-R2a-SM-57WDF	1
GTEX-145LS-0011-R1b-SM-5PNUP	1
GTEX-14BIN-0011-R11a-SM-5SI79	1
GTEX-11TUW-3126-SM-5GU4Y	1
GTEX-QMR6-0011-R7A-SM-32PKL	1
GTEX-ZF28-0011-R7a-SM-4WKF5	1
GTEX-Q2AG-2926-SM-2HMJ3	1
GTEX-11PRG-2826-SM-5BC54	1
GTEX-145MG-0011-R10a-SM-5PNWG	1
GTEX-PWO3-0011-R2A-SM-2S1OX	1
GTEX-TSE9-0011-R11A-SM-3DB7N	1
GTEX-13QIC-2926-SM-5J2NF	1
GTEX-145MH-0011-R1b-SM-5PNWY	1
GTEX-WVLH-0011-R1A-SM-4MVOK	1
GTEX-UTHO-0011-R4A-SM-3GIJP	1
GTEX-13FHO-0011-R5b-SM-5LZZ3	1
GTEX-13JUV-2926-SM-5LZX7	1
GTEX-13CZV-0011-R9a-SM-5LZXT	1
GTEX-X4XX-0011-R6B-SM-46MWP	1
GTEX-11ZTS-0011-R8a-SM-57WDI	1
GTEX-T6MN-0011-R2A-SM-32QOW	1
GTEX-R55E-0011-R5A-SM-2TC5N	1
GTEX-WVLH-0011-R8A-SM-3MJFC	1
GTEX-13X6I-0011-R1b-SM-5PNZC	1
GTEX-13NYB-3226-SM-5J2ND	1
GTEX-YFC4-3026-SM-5IFJK	1
GTEX-RVPU-0011-R9A-SM-3NM8E	1
GTEX-13QIC-0011-R3a-SM-5P9HT	1
GTEX-12ZZW-0011-R7a-SM-5DUWC	1
GTEX-145MI-0011-R7b-SM-5Q5AZ	1
GTEX-ZF28-3026-SM-4WKHP	1
GTEX-13RTJ-0011-R8b-SM-5O9DL	1
GTEX-144GL-0011-R6a-SM-5P9HW	1
GTEX-13FHO-0011-R7b-SM-5LZXD	1
GTEX-13QIC-0011-R4a-SM-5PNX8	1
GTEX-QVJO-1426-SM-2S1QY	1
GTEX-11O72-2826-SM-5HL6W	1
GTEX-ZV68-0011-R7a-SM-51MT4	1
GTEX-12WS9-0011-R10a-SM-57WBV	1
GTEX-NPJ8-0011-R1a-SM-5SI8B	1
GTEX-WL46-2826-SM-3LK81	1
GTEX-T5JC-0011-R10A-SM-5S2TK	1
GTEX-13N1W-0011-R10b-SM-5MR4H	1
GTEX-13OW8-0011-R7a-SM-5L3FP	1
GTEX-XLM4-0011-R10A-SM-4AT5P	1
GTEX-13FXS-0011-R10a-SM-5J2MA	1
GTEX-13N1W-0011-R8a-SM-5MR56	1
GTEX-XLM4-0011-R11A-SM-5S2SY	1
GTEX-13N1W-0011-R11a-SM-5MR3D	1
GTEX-12WSE-0011-R11b-SM-5P9JW	1
GTEX-RNOR-0011-R3A-SM-5SI8E	1
GTEX-T5JC-2326-SM-32PMR	1
GTEX-13OW5-0011-R1b-SM-5L3GE	1
GTEX-12WSA-0011-R7b-SM-5GU5U	1
GTEX-RVPU-0011-R6A-SM-2XCAC	1
GTEX-11ZUS-0011-R11b-SM-5BC7B	1
GTEX-QMR6-0011-R4A-SM-32PKU	1
GTEX-S7SE-0011-R1A-SM-2XCDE	1
GTEX-TSE9-2926-SM-3DB77	1
GTEX-NPJ8-2626-SM-26GMI	1
GTEX-13FLV-0011-R3b-SM-5LZYP	1
GTEX-13O3Q-2926-SM-5KM45	1
GTEX-S7SE-2526-SM-2XCDL	1
GTEX-13NZ8-0011-R1b-SM-5KM3V	1
GTEX-13OW7-0011-R3a-SM-5O9DA	1
GTEX-RNOR-0011-R9A-SM-2TF52	1
GTEX-Z93S-0011-R11a-SM-4RGNN	1
GTEX-ZAB4-0011-R4a-SM-4SOKB	1
GTEX-1313W-3126-SM-5LZUI	1
GTEX-13N2G-0011-R10a-SM-5MR34	1
GTEX-OHPN-0011-R11A-SM-2I5FM	1
GTEX-OHPN-0011-R4A-SM-2I5FD	1
GTEX-13CIG-0011-R8b-SM-5LZX5	1
GTEX-13S7M-0011-R3a-SM-5PNX2	1
GTEX-13VXU-3026-SM-5LU3K	1
GTEX-X585-0011-R3B-SM-46MVG	1
GTEX-T2IS-0011-R11A-SM-32QPC	1
GTEX-12ZZX-0011-R11a-SM-5DUVJ	1
GTEX-S7PM-0011-R6A-SM-3NM8F	1
GTEX-14BIN-0011-R6a-SM-5S2RH	1
GTEX-145MI-0011-R6a-SM-5PNZA	1
GTEX-13N2G-0011-R5a-SM-5MR33	1
GTEX-145MG-0011-R5b-SM-5S2VU	1
GTEX-Q2AG-0011-R7A-SM-2HMJP	1
GTEX-WWYW-0011-R11A-SM-3NB38	1
GTEX-145MI-0011-R11a-SM-5P9JZ	1
GTEX-13OW7-2926-SM-5MR3Z	1
GTEX-14753-0011-R5a-SM-5S2VW	1
GTEX-ZAB4-0011-R6a-SM-4SOKD	1
GTEX-13X6I-0011-R11a-SM-5P9HN	1
GTEX-13FHO-3026-SM-5J1O9	1
GTEX-OHPN-0011-R10A-SM-2I5FL	1
GTEX-TSE9-0011-R7A-SM-3DB7P	1
GTEX-YFC4-0011-R6b-SM-4V6E1	1
GTEX-13O3Q-0011-R8b-SM-5KM2J	1
GTEX-139UC-3126-SM-5J1OY	1
GTEX-13OVH-0011-R11b-SM-5KM4X	1
GTEX-11WQC-0011-R5a-SM-5BC74	1
GTEX-13QJC-0011-R1b-SM-5S2UU	1
GTEX-12WSC-0011-R9a-SM-5GU4U	1
GTEX-ZAB4-0011-R5a-SM-4SOKC	1
GTEX-1399T-0011-R2b-SM-5DUXM	1
GTEX-QDT8-0011-R8A-SM-32PKE	1
GTEX-Y8DK-0726-SM-4TT3S	1
GTEX-WWYW-0011-R1A-SM-3TW8G	1
GTEX-Y8DK-0011-R10A-SM-4SOK1	1
GTEX-13OVH-2926-SM-5IJFH	1
GTEX-11DXY-3226-SM-5GIDE	1
GTEX-QDT8-0011-R3A-SM-32PKR	1
GTEX-NPJ8-0011-R7a-SM-2HMJV	1
GTEX-11WQC-0011-R6a-SM-5BC77	1
GTEX-ZVZQ-0011-R7b-SM-57WBB	1
GTEX-13OVL-0011-R6a-SM-5L3G4	1
GTEX-13O3O-0011-R8b-SM-5LUAL	1
GTEX-11EI6-3026-SM-5GZZO	1
GTEX-RVPU-0011-R1A-SM-2XCAI	1
GTEX-NL3H-0011-R1a-SM-48TDJ	1
GTEX-13PVQ-0011-R5b-SM-5O9DI	1
GTEX-13FLV-0011-R4a-SM-5LZYU	1
GTEX-NL3H-0011-R7a-SM-2I3G5	1
GTEX-13PDP-2926-SM-5N9E8	1
GTEX-1399T-0011-R1b-SM-5DUWN	1
GTEX-OHPN-0011-R10A-SM-5S2U3	1
GTEX-R55F-1326-SM-2TF5F	1
GTEX-13JUV-0011-R11a-SM-5LZYH	1
GTEX-12WS9-0011-R3a-SM-5CVNF	1
GTEX-ZE9C-0011-R6a-SM-4WWCW	1
GTEX-12WSC-3026-SM-5GCNF	1
GTEX-X4EP-0011-R3A-SM-3P626	1
GTEX-WZTO-0011-R3B-SM-3NMC6	1
GTEX-RU72-0011-R6A-SM-2TF71	1
GTEX-145LU-0011-R8b-SM-5PNZG	1
GTEX-YJ89-0011-R6a-SM-4V6GN	1
GTEX-13OW6-0011-R4a-SM-5O9DX	1
GTEX-13SLX-0011-R11b-SM-5O9C8	1
GTEX-T5JC-0011-R7A-SM-32PME	1
GTEX-N7MT-1126-SM-5SI7V	1
GTEX-13CZV-0011-R4b-SM-5J2NY	1
GTEX-14ABY-0011-R7b-SM-5PNWS	1
GTEX-12WSA-0011-R10b-SM-5P9ET	1
GTEX-Q2AG-0011-R3A-SM-2HMJ9	1
GTEX-13QIC-3026-SM-5LU58	1
GTEX-12696-2926-SM-5FQTG	1
GTEX-13N1W-0011-R1b-SM-5MR4T	1
GTEX-WVLH-0011-R10A-SM-3MJFM	1
GTEX-139UC-0011-R7a-SM-5IJCV	1
GTEX-14BIM-0011-R6b-SM-5S2VB	1
GTEX-11OF3-0011-R8b-SM-57WCS	1
GTEX-Y8DK-0011-R1A-SM-4RGLO	1
GTEX-147F4-3026-SM-5Q5BJ	1
GTEX-X4XX-2926-SM-3NMB1	1
GTEX-12WSH-0011-R11a-SM-5LZVM	1
GTEX-S7SE-0011-R8A-SM-2XCDG	1
GTEX-WVLH-3026-SM-3MJG9	1
GTEX-145MG-0011-R7b-SM-5P9JY	1
GTEX-11GSP-0011-R11b-SM-5NQ7V	1
GTEX-P44G-0011-R7A-SM-2I3F9	1
GTEX-13OVH-0011-R5b-SM-5KM4L	1
GTEX-XLM4-0011-R10A-SM-5S2TN	1
GTEX-13NYS-0011-R8a-SM-5MR5H	1
GTEX-11ZUS-0011-R8a-SM-5BC73	1
GTEX-OHPN-0011-R8A-SM-33HBT	1
GTEX-13PVQ-2926-SM-5L3HJ	1
GTEX-11EMC-3326-SM-5P9JH	1
GTEX-13OW8-0011-R5b-SM-5L3FQ	1
GTEX-WL46-0011-R5A-SM-3LK6V	1
GTEX-11ONC-2926-SM-5P9JM	1
GTEX-1313W-0011-R11a-SM-5DUXN	1
GTEX-139TS-0011-R2b-SM-5J1MX	1
GTEX-13N2G-0011-R7a-SM-5MR42	1
GTEX-11NUK-3026-SM-5986K	1
GTEX-12126-0011-R9b-SM-5BC6P	1
GTEX-13OW6-0011-R8a-SM-5L3GF	1
GTEX-145LS-0011-R6b-SM-5PNWL	1
GTEX-139UC-0011-R3b-SM-5K7VZ	1
GTEX-R55E-0011-R4A-SM-2TC5H	1
GTEX-13NYS-0011-R10a-SM-5MR4S	1
GTEX-XOTO-0011-R8A-SM-4B65J	1
GTEX-UTHO-2926-SM-3P5Z9	1
GTEX-R55F-0011-R8A-SM-2TF4F	1
GTEX-N7MT-0011-R1a-SM-5SI7S	1
GTEX-PWO3-0011-R1A-SM-2I5EW	1
GTEX-139T8-0011-R3b-SM-5HL4R	1
GTEX-13JVG-0011-R6a-SM-5MR3E	1
GTEX-13S7M-0011-R6b-SM-5O9D8	1
GTEX-13O3Q-0011-R6a-SM-5KM2V	1
GTEX-Q2AG-0011-R2A-SM-2HMIT	1
GTEX-T2IS-0011-R6A-SM-32QP2	1
GTEX-YFC4-0011-R7b-SM-4V6E2	1
GTEX-RU72-0011-R10A-SM-2TF6D	1
GTEX-145MI-0011-R4b-SM-5PNZH	1
GTEX-QVJO-0011-R2A-SM-2S1QK	1
GTEX-139UC-0011-R11a-SM-5KM3J	1
GTEX-148VJ-0011-R9b-SM-5SI77	1
GTEX-N7MT-0011-R4a-SM-2I3G9	1
GTEX-13JUV-0011-R10b-SM-5LZXR	1
GTEX-TSE9-0011-R1A-SM-3DB7E	1
GTEX-131XW-0011-R8a-SM-5DUWY	1
GTEX-RU72-0011-R2A-SM-2TF6O	1
GTEX-145MG-0011-R3b-SM-5SI67	1
GTEX-XOTO-0011-R5A-SM-4B657	1
TCGA-AQ-A04J-01	2
TCGA-A1-A0SH-01	2
TCGA-E9-A248-01	2
TCGA-BH-A18T-01	2
TCGA-AR-A2LJ-01	2
TCGA-AR-A0TX-01	2
TCGA-E9-A1N6-01	2
TCGA-A8-A06Q-01	2
TCGA-AR-A2LM-01	2
TCGA-D8-A1X5-01	2
TCGA-A2-A3XX-01	2
TCGA-A7-A3J0-01	2
TCGA-A2-A0YK-01	2
TCGA-A2-A0ER-01	2
TCGA-A8-A08J-01	2
TCGA-E2-A1LB-01	2
TCGA-B6-A0X0-01	2
TCGA-A8-A084-01	2
TCGA-A2-A0YJ-01	2
TCGA-A2-A0CK-01	2
TCGA-E2-A15F-01	2
TCGA-BH-A0DL-01	2
TCGA-C8-A130-01	2
TCGA-AO-A1KR-01	2
TCGA-A2-A0D1-01	2
TCGA-A7-A3IZ-01	2
TCGA-AN-A04D-01	2
TCGA-B6-A409-01	2
TCGA-B6-A0RG-01	2
TCGA-E2-A2P6-01	2
TCGA-D8-A27H-01	2
TCGA-E2-A14Q-01	2
TCGA-B6-A0IB-01	2
TCGA-C8-A12M-01	2
TCGA-EW-A1PD-01	2
TCGA-A2-A3XZ-01	2
TCGA-E9-A249-01	2
TCGA-BH-A0WA-01	2
TCGA-MS-A51U-01	2
TCGA-PL-A8LZ-01	2
TCGA-AN-A04A-01	2
TCGA-EW-A1IW-01	2
TCGA-HN-A2NL-01	2
TCGA-AC-A6IX-01	2
TCGA-A2-A0CL-01	2
TCGA-C8-A1HK-01	2
TCGA-BH-A18Q-01	2
TCGA-A8-A076-01	2
TCGA-D8-A1XC-01	2
TCGA-B6-A0IN-01	2
TCGA-A8-A08F-01	2
TCGA-A8-A09V-01	2
TCGA-AN-A0XL-01	2
TCGA-AC-A23H-01	2
TCGA-GM-A2DL-01	2
TCGA-E2-A14U-01	2
TCGA-AC-A7VC-01	2
TCGA-A8-A09G-01	2
TCGA-A2-A3Y0-01	2
TCGA-AO-A0JD-01	2
TCGA-AC-A23E-01	2
TCGA-D8-A1JP-01	2
TCGA-A2-A0SW-01	2
TCGA-A2-A3XY-01	2
TCGA-A8-A09Q-01	2
TCGA-EW-A1J5-01	2
TCGA-B6-A0RN-01	2
TCGA-A2-A0SX-01	2
TCGA-A7-A4SF-01	2
TCGA-BH-A0E9-01	2
TCGA-A7-A26I-01	2
TCGA-EW-A3E8-01	2
TCGA-AN-A0FS-01	2
TCGA-BH-A0EE-01	2
TCGA-E2-A1B5-01	2
TCGA-AR-A1AJ-01	2
TCGA-AN-A0AR-01	2
TCGA-B6-A0I9-01	2
TCGA-AN-A0FX-01	2
TCGA-LL-A7T0-01	2
TCGA-A7-A13E-01	2
TCGA-A1-A0SM-01	2
TCGA-A8-A086-01	2
TCGA-A7-A0DA-01	2
TCGA-BH-A0HI-01	2
TCGA-D8-A147-01	2
TCGA-C8-A1HE-01	2
TCGA-AN-A0XU-01	2
TCGA-W8-A86G-01	2
TCGA-A1-A0SB-01	2
TCGA-A7-A0CG-01	2
TCGA-A2-A0YM-01	2
TCGA-BH-A0BQ-01	2
TCGA-AC-A8OP-01	2
TCGA-AN-A0XV-01	2
TCGA-B6-A0I8-01	2
TCGA-EW-A6S9-01	2
TCGA-BH-A209-01	2
TCGA-E2-A1LS-01	2
TCGA-D8-A1JM-01	2
TCGA-BH-A0HW-01	2
TCGA-OK-A5Q2-01	2
TCGA-A2-A04W-01	2
TCGA-A2-A4RW-01	2
TCGA-E2-A15I-01	2
TCGA-A1-A0SO-01	2
TCGA-AO-A1KS-01	2
TCGA-A7-A26G-01	2
TCGA-D8-A146-01	2
TCGA-BH-A0E2-01	2
TCGA-C8-A1HL-01	2
TCGA-E9-A1N4-01	2
TCGA-AO-A12D-01	2
TCGA-BH-A1FN-01	2
TCGA-BH-A18J-01	2
TCGA-E2-A158-01	2
TCGA-BH-A1FG-01	2
TCGA-BH-A18V-01	2
TCGA-BH-A18I-01	2
TCGA-A2-A0YL-01	2
TCGA-B6-A408-01	2
TCGA-A2-A0CT-01	2
TCGA-5T-A9QA-01	2
TCGA-D8-A1XU-01	2
TCGA-A7-A4SD-01	2
TCGA-E2-A1LI-01	2
TCGA-EW-A2FS-01	2
TCGA-BH-A0E1-01	2
TCGA-AC-A6NO-01	2
TCGA-A8-A06N-01	2
TCGA-A2-A1FW-01	2
TCGA-AO-A0JJ-01	2
TCGA-AC-A2FK-01	2
TCGA-E2-A1LG-01	2
TCGA-BH-A1EY-01	2
TCGA-E2-A1IN-01	2
TCGA-BH-A0DE-01	2
TCGA-E2-A14P-01	2
TCGA-AR-A0U2-01	2
TCGA-BH-A0H6-01	2
TCGA-A2-A1G0-01	2
TCGA-A8-A07W-01	2
TCGA-AR-A1AN-01	2
TCGA-LD-A66U-01	2
TCGA-C8-A8HR-01	2
TCGA-OL-A66L-01	2
TCGA-C8-A3M8-01	2
TCGA-AR-A0U3-01	2
TCGA-BH-A1EV-01	2
TCGA-AC-A2FG-01	2
TCGA-AN-A0AT-01	2
TCGA-BH-A0W3-01	2
TCGA-AC-A3BB-01	2
TCGA-B6-A0WW-01	2
TCGA-AQ-A54O-01	2
TCGA-A7-A13D-01	2
TCGA-AR-A1AV-01	2
TCGA-A2-A0EP-01	2
TCGA-E9-A1NE-01	2
TCGA-B6-A0I1-01	2
TCGA-AN-A0G0-01	2
TCGA-EW-A1OX-01	2
TCGA-D8-A1XB-01	2
TCGA-AR-A2LO-01	2
TCGA-D8-A27R-01	2
TCGA-Z7-A8R5-01	2
TCGA-A7-A4SE-01	2
TCGA-E9-A295-01	2
TCGA-A2-A0CO-01	2
TCGA-A8-A08S-01	2
TCGA-D8-A27T-01	2
TCGA-AR-A24H-01	2
TCGA-E9-A243-01	2
TCGA-A2-A0YH-01	2
TCGA-LL-A8F5-01	2
TCGA-EW-A1P1-01	2
TCGA-C8-A12L-01	2
TCGA-E2-A1IE-01	2
TCGA-A2-A0T0-01	2
TCGA-AR-A1AK-01	2
TCGA-AR-A1AW-01	2
TCGA-AR-A24Q-01	2
TCGA-AC-A62Y-01	2
TCGA-B6-A0IH-01	2
TCGA-5L-AAT1-01	2
TCGA-AN-A0FV-01	2
TCGA-BH-A0EB-01	2
TCGA-AO-A03V-01	2
TCGA-AC-A3W7-01	2
TCGA-AC-A3YJ-01	2
TCGA-C8-A1HI-01	2
TCGA-GI-A2C8-01	2
TCGA-BH-A6R9-01	2
TCGA-A8-A0AB-01	2
TCGA-AN-A0FF-01	2
TCGA-AQ-A7U7-01	2
TCGA-AN-A0AK-01	2
TCGA-BH-A1FL-01	2
TCGA-3C-AALI-01	2
TCGA-E2-A2P5-01	2
TCGA-AN-A0AM-01	2
TCGA-C8-A1HN-01	2
TCGA-BH-A0BT-01	2
TCGA-E9-A2JT-01	2
TCGA-LL-A6FR-01	2
TCGA-B6-A0RH-01	2
TCGA-AR-A2LH-01	2
TCGA-A8-A07P-01	2
TCGA-A2-A0YF-01	2
TCGA-S3-AA14-01	2
TCGA-D8-A140-01	2
TCGA-B6-A0IP-01	2
TCGA-A2-A0EO-01	2
TCGA-E2-A1L9-01	2
TCGA-GM-A4E0-01	2
TCGA-E9-A247-01	2
TCGA-A8-A08B-01	2
TCGA-E9-A1RA-01	2
TCGA-D8-A1Y0-01	2
TCGA-AR-A24T-01	2
TCGA-A7-A0CE-01	2
TCGA-OL-A5DA-01	2
TCGA-A2-A0EQ-01	2
TCGA-BH-A0BV-01	2
TCGA-EW-A6SA-01	2
TCGA-BH-A0W5-01	2
TCGA-E2-A106-01	2
TCGA-EW-A1P5-01	2
TCGA-LD-A7W5-01	2
TCGA-A8-A08C-01	2
TCGA-C8-A137-01	2
TCGA-A2-A0D3-01	2
TCGA-A8-A09C-01	2
TCGA-A8-A06O-01	2
TCGA-A8-A09B-01	2
TCGA-AO-A03T-01	2
TCGA-BH-A0C3-01	2
TCGA-A8-A075-01	2
TCGA-BH-A0HF-01	2
TCGA-E9-A5UO-01	2
TCGA-PL-A8LX-01	2
TCGA-E9-A1RC-01	2
TCGA-E2-A109-01	2
TCGA-E2-A1IK-01	2
TCGA-EW-A1PG-01	2
TCGA-BH-A1F6-01	2
TCGA-E2-A1L6-01	2
TCGA-AC-A23C-01	2
TCGA-E2-A14Z-01	2
TCGA-AN-A0FK-01	2
TCGA-E2-A576-01	2
TCGA-BH-A0B1-01	2
TCGA-C8-A27B-01	2
TCGA-A8-A07E-01	2
TCGA-B6-A0WX-01	2
TCGA-D8-A3Z5-01	2
TCGA-B6-A3ZX-01	2
TCGA-BH-A0BD-01	2
TCGA-BH-A1FH-01	2
TCGA-AO-A0JB-01	2
TCGA-A2-A0T7-01	2
TCGA-EW-A1P7-01	2
TCGA-E2-A10A-01	2
TCGA-BH-A204-01	2
TCGA-A8-A08A-01	2
TCGA-BH-A1EW-01	2
TCGA-XX-A89A-01	2
TCGA-E9-A1R2-01	2
TCGA-D8-A1Y2-01	2
TCGA-A7-A56D-01	2
TCGA-BH-A0HK-01	2
TCGA-A7-A6VX-01	2
TCGA-AR-A1AR-01	2
TCGA-BH-A202-01	2
TCGA-AO-A0J8-01	2
TCGA-AC-A8OQ-01	2
TCGA-BH-A1FM-01	2
TCGA-E9-A226-01	2
TCGA-A8-A09E-01	2
TCGA-A2-A4S2-01	2
TCGA-D8-A1JB-01	2
TCGA-E2-A15A-01	2
TCGA-AC-A3QP-01	2
TCGA-EW-A1J2-01	2
TCGA-BH-A208-01	2
TCGA-A8-A09Z-01	2
TCGA-A2-A0SY-01	2
TCGA-A8-A09A-01	2
TCGA-AC-A5EH-01	2
TCGA-A8-A09M-01	2
TCGA-A1-A0SQ-01	2
TCGA-BH-A0DZ-01	2
TCGA-LL-A5YP-01	2
TCGA-A8-A08Z-01	2
TCGA-AO-A0J6-01	2
TCGA-AO-A12A-01	2
TCGA-AC-A2B8-01	2
TCGA-AO-A1KO-01	2
TCGA-E2-A15M-01	2
TCGA-E2-A1B6-01	2
TCGA-A2-A3XT-01	2
TCGA-A8-A07L-01	2
TCGA-BH-A1ET-01	2
TCGA-BH-A18U-01	2
TCGA-LL-A440-01	2
TCGA-A2-A25F-01	2
TCGA-D8-A1X8-01	2
TCGA-BH-A0C7-01	2
TCGA-AQ-A0Y5-01	2
TCGA-AR-A250-01	2
TCGA-AR-A0TS-01	2
TCGA-AR-A1AU-01	2
TCGA-E9-A54Y-01	2
TCGA-EW-A1IX-01	2
TCGA-BH-A0B9-01	2
TCGA-EW-A2FR-01	2
TCGA-A7-A0DB-01	2
TCGA-LQ-A4E4-01	2
TCGA-BH-A0DD-01	2
TCGA-A8-A08I-01	2
TCGA-A7-A6VW-01	2
TCGA-A2-A0ES-01	2
TCGA-E2-A153-01	2
TCGA-D8-A4Z1-01	2
TCGA-A2-A04V-01	2
TCGA-D8-A141-01	2
TCGA-A8-A0A2-01	2
TCGA-A8-A08T-01	2
TCGA-E2-A15E-01	2
TCGA-E9-A3QA-01	2
TCGA-A2-A25E-01	2
TCGA-A2-A1G4-01	2
TCGA-A8-A0A6-01	2
TCGA-BH-A18G-01	2
TCGA-AR-A2LN-01	2
TCGA-BH-A18S-01	2
TCGA-AN-A0XT-01	2
TCGA-A2-A04N-01	2
TCGA-OL-A5S0-01	2
TCGA-AR-A24S-01	2
TCGA-EW-A6SD-01	2
TCGA-C8-A12T-01	2
TCGA-AC-A8OS-01	2
TCGA-E2-A156-01	2
TCGA-BH-A0BP-01	2
TCGA-AO-A12H-01	2
TCGA-A8-A097-01	2
TCGA-AR-A2LR-01	2
TCGA-AR-A251-01	2
TCGA-D8-A1J8-01	2
TCGA-AO-A12B-01	2
TCGA-BH-A18K-01	2
TCGA-EW-A424-01	2
TCGA-AO-A0JF-01	2
TCGA-D8-A1JG-01	2
TCGA-3C-AALJ-01	2
TCGA-BH-A1FU-01	2
TCGA-D8-A27K-01	2
TCGA-A2-A0T1-01	2
TCGA-B6-A0RP-01	2
TCGA-A7-A3RF-01	2
TCGA-AC-A62V-01	2
TCGA-A2-A259-01	2
TCGA-BH-A5J0-01	2
TCGA-A8-A08R-01	2
TCGA-A2-A0EV-01	2
TCGA-A2-A0D0-01	2
TCGA-LD-A9QF-01	2
TCGA-B6-A0RV-01	2
TCGA-BH-A1F2-01	2
TCGA-B6-A0X5-01	2
TCGA-B6-A0IJ-01	2
TCGA-AR-A24R-01	2
TCGA-BH-A0HO-01	2
TCGA-C8-A12Q-01	2
TCGA-S3-AA10-01	2
TCGA-D8-A1JE-01	2
TCGA-D8-A27G-01	2
TCGA-A7-A4SB-01	2
TCGA-E2-A1B0-01	2
TCGA-PE-A5DE-01	2
TCGA-A2-A0CS-01	2
TCGA-AO-A12C-01	2
TCGA-BH-A0DH-01	2
TCGA-E9-A22E-01	2
TCGA-A2-A0T4-01	2
TCGA-D8-A27W-01	2
TCGA-A2-A0SU-01	2
TCGA-BH-A0B6-01	2
TCGA-EW-A1PH-01	2
TCGA-A8-A099-01	2
TCGA-A8-A096-01	2
TCGA-AR-A1AH-01	2
TCGA-AN-A041-01	2
TCGA-GM-A3XN-01	2
TCGA-AN-A049-01	2
TCGA-E9-A22D-01	2
TCGA-E2-A15S-01	2
TCGA-E9-A3X8-01	2
TCGA-A2-A4S0-01	2
TCGA-A8-A06R-01	2
TCGA-A2-A0YI-01	2
TCGA-D8-A1JS-01	2
TCGA-A2-A1FZ-01	2
TCGA-BH-A0B7-01	2
TCGA-AN-A0FY-01	2
TCGA-OL-A5D7-01	2
TCGA-EW-A1P8-01	2
TCGA-EW-A1P6-01	2
TCGA-GI-A2C9-01	2
TCGA-BH-A0W4-01	2
TCGA-BH-A1F8-01	2
TCGA-A7-A3IY-01	2
TCGA-D8-A1XK-01	2
TCGA-OL-A6VQ-01	2
TCGA-C8-A12V-01	2
TCGA-BH-A0AY-01	2
TCGA-BH-A0BO-01	2
TCGA-AN-A0XS-01	2
TCGA-D8-A1JL-01	2
TCGA-BH-A0HN-01	2
TCGA-E9-A1NF-01	2
TCGA-E2-A1LK-01	2
TCGA-BH-A201-01	2
TCGA-EW-A1PE-01	2
TCGA-AN-A0AL-01	2
TCGA-UU-A93S-01	2
TCGA-E2-A10E-01	2
TCGA-B6-A0IO-01	2
TCGA-A8-A0A7-01	2
TCGA-BH-A1FC-01	2
TCGA-GM-A5PV-01	2
TCGA-BH-A42U-01	2
TCGA-E2-A1IL-01	2
TCGA-EW-A1PC-01	2
TCGA-A1-A0SN-01	2
TCGA-AN-A0XR-01	2
TCGA-A2-A4S3-01	2
TCGA-E9-A1N8-01	2
TCGA-E2-A15T-01	2
TCGA-A1-A0SG-01	2
TCGA-EW-A6SC-01	2
TCGA-E9-A1R4-01	2
TCGA-A1-A0SI-01	2
TCGA-LL-A5YM-01	2
TCGA-BH-A8FY-01	2
TCGA-A2-A3XV-01	2
TCGA-A7-A13G-01	2
TCGA-A8-A08L-01	2
TCGA-C8-A12Y-01	2
TCGA-BH-A0BL-01	2
TCGA-A8-A095-01	2
TCGA-AQ-A1H3-01	2
TCGA-C8-A1HF-01	2
TCGA-C8-A131-01	2
TCGA-B6-A40C-01	2
TCGA-A8-A09I-01	2
TCGA-E2-A10B-01	2
TCGA-AR-A24N-01	2
TCGA-E9-A54X-01	2
TCGA-A2-A04Y-01	2
TCGA-A8-A091-01	2
TCGA-B6-A1KF-01	2
TCGA-AN-A0XP-01	2
TCGA-BH-AB28-01	2
TCGA-A8-A06Z-01	2
TCGA-D8-A1XF-01	2
TCGA-AC-A2FF-01	2
TCGA-D8-A1XG-01	2
TCGA-A7-A26E-01	2
TCGA-OL-A97C-01	2
TCGA-AO-A126-01	2
TCGA-LL-A740-01	2
TCGA-AO-A124-01	2
TCGA-A8-A06U-01	2
TCGA-A2-A1G1-01	2
TCGA-D8-A143-01	2
TCGA-BH-A0B3-01	2
TCGA-E9-A1RD-01	2
TCGA-4H-AAAK-01	2
TCGA-A2-A0CZ-01	2
TCGA-S3-AA11-01	2
TCGA-AR-A24W-01	2
TCGA-E9-A1RF-01	2
TCGA-A2-A0EX-01	2
TCGA-A8-A079-01	2
TCGA-E2-A573-01	2
TCGA-BH-A0B0-01	2
TCGA-BH-A18M-01	2
TCGA-E2-A155-01	2
TCGA-BH-A0DK-01	2
TCGA-D8-A27N-01	2
TCGA-A2-A4S1-01	2
TCGA-D8-A1XR-01	2
TCGA-BH-A1F5-01	2
TCGA-A2-A0EY-01	2
TCGA-BH-A28Q-01	2
TCGA-JL-A3YW-01	2
TCGA-LL-A9Q3-01	2
TCGA-E2-A570-01	2
TCGA-BH-A0DS-01	2
TCGA-B6-A0WS-01	2
TCGA-AC-A2BK-01	2
TCGA-E2-A1LH-01	2
TCGA-A7-A13F-01	2
TCGA-A2-A1G6-01	2
TCGA-AC-A6IW-01	2
TCGA-E2-A3DX-01	2
TCGA-A8-A08P-01	2
TCGA-AR-A24V-01	2
TCGA-D8-A1XZ-01	2
TCGA-A8-A07O-01	2
TCGA-D8-A1JF-01	2
TCGA-AC-A2BM-01	2
TCGA-AC-A5XS-01	2
TCGA-D8-A27P-01	2
TCGA-BH-A0RX-01	2
TCGA-EW-A2FV-01	2
TCGA-AC-A3TN-01	2
TCGA-E2-A1IO-01	2
TCGA-E9-A3Q9-01	2
TCGA-E2-A9RU-01	2
TCGA-AO-A03R-01	2
TCGA-OL-A5RV-01	2
TCGA-BH-A0AU-01	2
TCGA-A7-A26J-01	2
TCGA-AR-A1AS-01	2
TCGA-E2-A1LL-01	2
TCGA-A8-A0A1-01	2
TCGA-D8-A27V-01	2
TCGA-BH-A0GY-01	2
TCGA-AC-A2QH-01	2
TCGA-A7-A26F-01	2
TCGA-BH-A0BC-01	2
TCGA-OL-A66P-01	2
TCGA-BH-A1EO-01	2
TCGA-E9-A1ND-01	2
TCGA-C8-A27A-01	2
TCGA-D8-A1XY-01	2
TCGA-AR-A0TT-01	2
TCGA-A2-A1FX-01	2
TCGA-GM-A2DN-01	2
TCGA-D8-A1JD-01	2
TCGA-GM-A2DA-01	2
TCGA-D8-A1XM-01	2
TCGA-B6-A0RT-01	2
TCGA-AN-A0XO-01	2
TCGA-AN-A0FN-01	2
TCGA-AR-A2LQ-01	2
TCGA-BH-A1EN-01	2
TCGA-A7-A0CJ-01	2
TCGA-GM-A2DK-01	2
TCGA-LL-A6FP-01	2
TCGA-A8-A07S-01	2
TCGA-BH-A1FR-01	2
TCGA-PE-A5DC-01	2
TCGA-AN-A04C-01	2
TCGA-AO-A0J9-01	2
TCGA-E9-A22A-01	2
TCGA-D8-A27M-01	2
TCGA-BH-A0BA-01	2
TCGA-AO-A0JE-01	2
TCGA-B6-A0RS-01	2
TCGA-A2-A0ET-01	2
TCGA-A8-A08H-01	2
TCGA-A2-A0EM-01	2
TCGA-C8-A273-01	2
TCGA-AQ-A04H-01	2
TCGA-A8-A06X-01	2
TCGA-A1-A0SD-01	2
TCGA-C8-A1HM-01	2
TCGA-WT-AB41-01	2
TCGA-B6-A0RL-01	2
TCGA-A2-A25A-01	2
TCGA-D8-A1XW-01	2
TCGA-AN-A046-01	2
TCGA-BH-A0GZ-01	2
TCGA-LL-A5YL-01	2
TCGA-BH-A0H3-01	2
TCGA-C8-A1HO-01	2
TCGA-D8-A73U-01	2
TCGA-A2-A0CR-01	2
TCGA-BH-A0H7-01	2
TCGA-EW-A1OZ-01	2
TCGA-BH-A1EX-01	2
TCGA-AN-A0XW-01	2
TCGA-E2-A15R-01	2
TCGA-OL-A5RU-01	2
TCGA-S3-A6ZF-01	2
TCGA-OL-A5D6-01	2
TCGA-AR-A24X-01	2
TCGA-AC-A8OR-01	2
TCGA-AO-A0J2-01	2
TCGA-E2-A15H-01	2
TCGA-E9-A228-01	2
TCGA-GM-A3XL-01	2
TCGA-E9-A22H-01	2
TCGA-E2-A15C-01	2
TCGA-GM-A3NW-01	2
TCGA-AR-A0TY-01	2
TCGA-A2-A0ST-01	2
TCGA-BH-A0BM-01	2
TCGA-EW-A1J6-01	2
TCGA-D8-A1XQ-01	2
TCGA-BH-A5IZ-01	2
TCGA-D8-A145-01	2
TCGA-B6-A0IK-01	2
TCGA-AC-A2QI-01	2
TCGA-A2-A04T-01	2
TCGA-E2-A1L8-01	2
TCGA-GM-A5PX-01	2
TCGA-E2-A1LA-01	2
TCGA-OL-A66K-01	2
TCGA-PL-A8LY-01	2
TCGA-AC-A2FM-01	2
TCGA-AO-A0JG-01	2
TCGA-EW-A1OY-01	2
TCGA-A8-A0A4-01	2
TCGA-A2-A0T5-01	2
TCGA-A8-A09K-01	2
TCGA-A2-A0D4-01	2
TCGA-BH-A0E7-01	2
TCGA-BH-A0BG-01	2
TCGA-E9-A1RI-01	2
TCGA-E9-A1NI-01	2
TCGA-A7-A2KD-01	2
TCGA-BH-A0BS-01	2
TCGA-E9-A1R0-01	2
TCGA-AR-A1AX-01	2
TCGA-A2-A4RY-01	2
TCGA-E9-A1RE-01	2
TCGA-E2-A1IG-01	2
TCGA-AR-A1AY-01	2
TCGA-A2-A0D2-01	2
TCGA-D8-A1JC-01	2
TCGA-BH-A1EU-01	2
TCGA-AC-A3YI-01	2
TCGA-D8-A1JN-01	2
TCGA-E9-A24A-01	2
TCGA-AC-A2FE-01	2
TCGA-AO-A129-01	2
TCGA-AR-A2LK-01	2
TCGA-AC-A3EH-01	2
TCGA-E2-A10F-01	2
TCGA-C8-A8HQ-01	2
TCGA-D8-A1JH-01	2
TCGA-BH-A0HQ-01	2
TCGA-D8-A1XL-01	2
TCGA-BH-A18N-01	2
TCGA-AN-A0FZ-01	2
TCGA-A8-A07F-01	2
TCGA-A2-A04P-01	2
TCGA-E9-A1NG-01	2
TCGA-BH-A18R-01	2
TCGA-S3-AA15-01	2
TCGA-E9-A1N9-01	2
TCGA-E2-A152-01	2
TCGA-A8-A090-01	2
TCGA-A8-A07R-01	2
TCGA-E9-A1RG-01	2
TCGA-AC-A7VB-01	2
TCGA-B6-A0IQ-01	2
TCGA-Z7-A8R6-01	2
TCGA-BH-A8FZ-01	2
TCGA-A2-A0CM-01	2
TCGA-GM-A2DD-01	2
TCGA-AO-A03N-01	2
TCGA-D8-A1Y1-01	2
TCGA-E2-A1BC-01	2
TCGA-LL-A5YN-01	2
TCGA-AC-A23G-01	2
TCGA-E2-A15D-01	2
TCGA-A7-A425-01	2
TCGA-D8-A1X9-01	2
TCGA-EW-A1IY-01	2
TCGA-S3-A6ZG-01	2
TCGA-EW-A1J3-01	2
TCGA-D8-A73W-01	2
TCGA-B6-A0IA-01	2
TCGA-BH-A0B5-01	2
TCGA-A7-A5ZW-01	2
TCGA-3C-AAAU-01	2
TCGA-A8-A07G-01	2
TCGA-C8-A12O-01	2
TCGA-AR-A256-01	2
TCGA-BH-A0DP-01	2
TCGA-AR-A254-01	2
TCGA-E2-A1L7-01	2
TCGA-C8-A132-01	2
TCGA-B6-A0X4-01	2
TCGA-E2-A15P-01	2
TCGA-EW-A3U0-01	2
TCGA-A8-A07U-01	2
TCGA-BH-A2L8-01	2
TCGA-E2-A14R-01	2
TCGA-B6-A0RE-01	2
TCGA-BH-A0DO-01	2
TCGA-BH-A0AV-01	2
TCGA-AR-A1AL-01	2
TCGA-E9-A3HO-01	2
TCGA-C8-A12Z-01	2
TCGA-AR-A1AQ-01	2
TCGA-E9-A1NH-01	2
TCGA-EW-A1OW-01	2
TCGA-E2-A1BD-01	2
TCGA-A2-A3KD-01	2
TCGA-EW-A1OV-01	2
TCGA-3C-AALK-01	2
TCGA-OL-A5RW-01	2
TCGA-B6-A1KC-01	2
TCGA-A2-A4RX-01	2
TCGA-OL-A5RY-01	2
TCGA-OL-A66I-01	2
TCGA-A2-A0EU-01	2
TCGA-GM-A2DO-01	2
TCGA-AO-A12F-01	2
TCGA-C8-A138-01	2
TCGA-EW-A6SB-01	2
TCGA-AR-A5QN-01	2
TCGA-OL-A5RZ-01	2
TCGA-B6-A400-01	2
TCGA-E2-A1II-01	2
TCGA-AO-A0J5-01	2
TCGA-C8-A26W-01	2
TCGA-AO-A12E-01	2
TCGA-AN-A0FL-01	2
TCGA-E2-A10C-01	2
TCGA-A7-A4SA-01	2
TCGA-GM-A2DB-01	2
TCGA-E9-A1RH-01	2
TCGA-D8-A73X-01	2
TCGA-5L-AAT0-01	2
TCGA-AR-A1AO-01	2
TCGA-A2-A3XW-01	2
TCGA-C8-A134-01	2
TCGA-C8-A12K-01	2
TCGA-A8-A09W-01	2
TCGA-C8-A1HJ-01	2
TCGA-D8-A1XV-01	2
TCGA-A2-A0SV-01	2
TCGA-E9-A5FK-01	2
TCGA-C8-A12U-01	2
TCGA-AN-A0FT-01	2
TCGA-D8-A1JK-01	2
TCGA-E2-A150-01	2
TCGA-OL-A6VR-01	2
TCGA-EW-A1PB-01	2
TCGA-A2-A25C-01	2
TCGA-AO-A0J7-01	2
TCGA-EW-A1IZ-01	2
TCGA-BH-A28O-01	2
TCGA-E2-A15J-01	2
TCGA-BH-A203-01	2
TCGA-AC-A3HN-01	2
TCGA-BH-A1FE-01	2
TCGA-E2-A1IU-01	2
TCGA-E9-A1R5-01	2
TCGA-OL-A66J-01	2
TCGA-A8-A083-01	2
TCGA-BH-A0HY-01	2
TCGA-D8-A1X6-01	2
TCGA-E9-A5FL-01	2
TCGA-AO-A03L-01	2
TCGA-BH-A0DQ-01	2
TCGA-B6-A0RQ-01	2
TCGA-E2-A14V-01	2
TCGA-E9-A5UP-01	2
TCGA-A8-A08G-01	2
TCGA-D8-A1XD-01	2
TCGA-B6-A0X1-01	2
TCGA-E9-A22G-01	2
TCGA-S3-AA0Z-01	2
TCGA-E2-A1IH-01	2
TCGA-B6-A0X7-01	2
TCGA-A2-A25D-01	2
TCGA-AC-A62X-01	2
TCGA-PE-A5DD-01	2
TCGA-LD-A74U-01	2
TCGA-B6-A0WZ-01	2
TCGA-AR-A24L-01	2
TCGA-C8-A12W-01	2
TCGA-A2-A0YG-01	2
TCGA-BH-A0DG-01	2
TCGA-AR-A0TZ-01	2
TCGA-E9-A1NA-01	2
TCGA-EW-A1PA-01	2
TCGA-E2-A15L-01	2
TCGA-AC-A3QQ-01	2
TCGA-BH-A6R8-01	2
TCGA-E2-A14S-01	2
TCGA-BH-A0HL-01	2
TCGA-B6-A0RM-01	2
TCGA-EW-A1P0-01	2
TCGA-BH-A0H9-01	2
TCGA-OL-A66H-01	2
TCGA-A8-A07B-01	2
TCGA-A2-A25B-01	2
TCGA-B6-A402-01	2
TCGA-GM-A2DC-01	2
TCGA-A8-A07C-01	2
TCGA-BH-A0BR-01	2
TCGA-A7-A6VV-01	2
TCGA-AR-A255-01	2
TCGA-D8-A27E-01	2
TCGA-E9-A1R6-01	2
TCGA-A2-A3KC-01	2
TCGA-BH-A0E0-01	2
TCGA-BH-A1ES-01	2
TCGA-D8-A1JU-01	2
TCGA-A7-A0D9-01	2
TCGA-E2-A1AZ-01	2
TCGA-EW-A1P4-01	2
TCGA-AN-A0FJ-01	2
TCGA-B6-A40B-01	2
TCGA-AO-A0J4-01	2
TCGA-AO-A12G-01	2
TCGA-AR-A24K-01	2
TCGA-C8-A8HP-01	2
TCGA-BH-A0DT-01	2
TCGA-AN-A0AS-01	2
TCGA-AR-A5QQ-01	2
TCGA-A8-A07J-01	2
TCGA-D8-A1XS-01	2
TCGA-E9-A1R3-01	2
TCGA-LL-A441-01	2
TCGA-S3-AA17-01	2
TCGA-D8-A13Z-01	2
TCGA-BH-A42V-01	2
TCGA-AR-A1AT-01	2
TCGA-B6-A0RI-01	2
TCGA-AC-A3W6-01	2
TCGA-C8-A274-01	2
TCGA-AO-A1KP-01	2
TCGA-E2-A1IF-01	2
TCGA-BH-A0DX-01	2
TCGA-BH-A18L-01	2
TCGA-C8-A133-01	2
TCGA-D8-A1J9-01	2
TCGA-B6-A1KI-01	2
TCGA-AO-A0JL-01	2
TCGA-WT-AB44-01	2
TCGA-S3-AA12-01	2
TCGA-B6-A0IC-01	2
TCGA-A8-A06Y-01	2
TCGA-A2-A0CW-01	2
TCGA-A2-A0CX-01	2
TCGA-BH-A0DV-01	2
TCGA-EW-A2FW-01	2
TCGA-AR-A5QM-01	2
TCGA-BH-A0B8-01	2
TCGA-AO-A125-01	2
TCGA-A2-A1FV-01	2
TCGA-AR-A1AP-01	2
TCGA-D8-A27I-01	2
TCGA-A2-A0CQ-01	2
TCGA-EW-A1PF-01	2
TCGA-AO-A03U-01	2
TCGA-AC-A6IV-01	2
TCGA-A8-A094-01	2
TCGA-A1-A0SF-01	2
TCGA-A7-A6VY-01	2
TCGA-D8-A13Y-01	2
TCGA-A2-A0YT-01	2
TCGA-BH-A0EA-01	2
TCGA-E2-A14X-01	2
TCGA-BH-A0BW-01	2
TCGA-BH-A0H5-01	2
TCGA-AQ-A1H2-01	2
TCGA-A8-A092-01	2
TCGA-B6-A0I5-01	2
TCGA-D8-A1X7-01	2
TCGA-E2-A14O-01	2
TCGA-BH-A0HB-01	2
TCGA-E9-A229-01	2
TCGA-A8-A09T-01	2
TCGA-A7-A0CH-01	2
TCGA-AC-A3TM-01	2
TCGA-E2-A108-01	2
TCGA-C8-A26X-01	2
TCGA-E9-A244-01	2
TCGA-A8-A085-01	2
TCGA-C8-A278-01	2
TCGA-BH-A0HU-01	2
TCGA-D8-A1JT-01	2
TCGA-AO-A1KQ-01	2
TCGA-B6-A0I2-01	2
TCGA-BH-A1FD-01	2
TCGA-BH-A42T-01	2
TCGA-AC-A2FO-01	2
TCGA-BH-A0AW-01	2
TCGA-A8-A06P-01	2
TCGA-BH-A0B4-01	2
TCGA-A1-A0SK-01	2
TCGA-AO-A0JM-01	2
TCGA-LL-A73Y-01	2
TCGA-AN-A0FD-01	2
TCGA-BH-A1F0-01	2
TCGA-B6-A0RO-01	2
TCGA-A7-A3J1-01	2
TCGA-AR-A0TW-01	2
TCGA-AC-A3W5-01	2
TCGA-AO-A0JC-01	2
TCGA-D8-A1XT-01	2
TCGA-AR-A1AM-01	2
TCGA-OL-A6VO-01	2
TCGA-AR-A0TR-01	2
TCGA-GM-A2D9-01	2
TCGA-A2-A0T3-01	2
TCGA-B6-A1KN-01	2
TCGA-E2-A574-01	2
TCGA-C8-A12P-01	2
TCGA-E9-A2JS-01	2
TCGA-AO-A0JI-01	2
TCGA-B6-A0WY-01	2
TCGA-AR-A24U-01	2
TCGA-AO-A03M-01	2
TCGA-A2-A0CP-01	2
TCGA-D8-A27L-01	2
TCGA-JL-A3YX-01	2
TCGA-AR-A24P-01	2
TCGA-A2-A0YE-01	2
TCGA-D8-A1Y3-01	2
TCGA-BH-A1FJ-01	2
TCGA-AR-A1AI-01	2
TCGA-E2-A154-01	2
TCGA-A7-A13H-01	2
TCGA-A8-A09D-01	2
TCGA-C8-A1HG-01	2
TCGA-E2-A15G-01	2
TCGA-AC-A4ZE-01	2
TCGA-E9-A227-01	2
TCGA-C8-A135-01	2
TCGA-OL-A66O-01	2
TCGA-A7-A5ZX-01	2
TCGA-E2-A105-01	2
TCGA-A8-A06T-01	2
TCGA-A8-A09N-01	2
TCGA-BH-A0E6-01	2
TCGA-E9-A245-01	2
TCGA-BH-A0DI-01	2
TCGA-GM-A2DF-01	2
TCGA-A2-A04Q-01	2
TCGA-HN-A2OB-01	2
TCGA-BH-A0HX-01	2
TCGA-E2-A14N-01	2
TCGA-S3-A6ZH-01	2
TCGA-BH-A0AZ-01	2
TCGA-E9-A1N3-01	2
TCGA-A1-A0SP-01	2
TCGA-C8-A275-01	2
TCGA-B6-A0IG-01	2
TCGA-D8-A1JJ-01	2
TCGA-C8-A26V-01	2
TCGA-A8-A09X-01	2
TCGA-GM-A2DI-01	2
TCGA-E9-A1RB-01	2
TCGA-A2-A0T6-01	2
TCGA-BH-A0HP-01	2
TCGA-AR-A24Z-01	2
TCGA-BH-A18H-01	2
TCGA-AR-A252-01	2
TCGA-B6-A2IU-01	2
TCGA-A2-A04R-01	2
TCGA-LL-A73Z-01	2
TCGA-D8-A3Z6-01	2
TCGA-EW-A423-01	2
TCGA-A8-A0A9-01	2
TCGA-E9-A6HE-01	2
TCGA-AO-A128-01	2
TCGA-E2-A56Z-01	2
TCGA-D8-A1XO-01	2
TCGA-AO-A03P-01	2
TCGA-A2-A0EN-01	2
TCGA-AR-A24M-01	2
TCGA-BH-A18P-01	2
TCGA-A7-A5ZV-01	2
TCGA-AR-A5QP-01	2
TCGA-E2-A15O-01	2
TCGA-A8-A07I-01	2
TCGA-BH-A0BF-01	2
TCGA-GM-A2DH-01	2
TCGA-B6-A0WV-01	2
TCGA-C8-A3M7-01	2
TCGA-E2-A14Y-01	2
TCGA-A8-A08O-01	2
TCGA-B6-A0I6-01	2
TCGA-E2-A14W-01	2
TCGA-E2-A572-01	2
TCGA-OL-A66N-01	2
TCGA-E2-A14T-01	2
TCGA-BH-A8G0-01	2
TCGA-V7-A7HQ-01	2
TCGA-A2-A0EW-01	2
TCGA-B6-A0IE-01	2
TCGA-AQ-A04L-01	2
TCGA-UL-AAZ6-01	2
TCGA-E2-A107-01	2
TCGA-AC-A2QJ-01	2
TCGA-BH-A0H0-01	2
TCGA-A2-A04U-01	2
TCGA-A2-A3XS-01	2
TCGA-AN-A0XN-01	2
TCGA-AN-A0AJ-01	2
TCGA-A8-A09R-01	2
TCGA-E2-A1B4-01	2
TCGA-GM-A3NY-01	2
TCGA-AR-A2LL-01	2
TCGA-A8-A0AD-01	2
TCGA-B6-A0WT-01	2
TCGA-BH-A0W7-01	2
TCGA-A1-A0SE-01	2
TCGA-E9-A22B-01	2
TCGA-AR-A0TV-01	2
TCGA-E9-A1N5-01	2
TCGA-AO-A03O-01	2
TCGA-E2-A1IJ-01	2
TCGA-BH-A0C0-01	2
TCGA-D8-A1JA-01	2
TCGA-OL-A5RX-01	2
TCGA-A8-A08X-01	2
TCGA-D8-A142-01	2
TCGA-A2-A0CY-01	2
TCGA-A2-A0YC-01	2
TCGA-EW-A1P3-01	2
